order_id,order_date,customer_name,item_vendor_name,item,item_qty,price_per_unit,price_currency
1,2022/05/31,Jane Bloggs,Wikizz,Lid - 3oz Med Rec,1,290.921,GBP
2,2022/06/14,Jane Bloggs,Yodoo,Beans - French,5,369.391,GBP
3,2021/08/25,Jane Bloggs,Zoonoodle,Maple Syrup,5,496.848,GBP
4,2021/09/01,Jane Bloggs,Skibox,Strawberries - California,5,129.945,GBP
5,2021/08/23,Jane Bloggs,Teklist,"Lamb - Racks, Frenched",1,361.578,GBP
6,2022/04/18,,Blogpad,,5,73.054,
7,2022/07/18,Jane Bloggs,Yacero,Squeeze Bottle,1,172.14,GBP
8,2021/12/26,Jane Bloggs,Buzzbean,Flour - All Purpose,5,442.698,GBP
9,2022/02/21,Jane Bloggs,Rhynyx,Wine - Crozes Hermitage E.,5,325.304,GBP
10,2022/03/23,Jane Bloggs,Browsetype,Veal - Striploin,1,396.574,GBP
11,2021/12/16,Jane Bloggs,Twiyo,Beer - Moosehead,2,414.991,GBP
12,2021/11/02,Jane Bloggs,Vipe,Boogies,1,138.124,GBP
13,2022/03/27,Jane Bloggs,Yacero,Icecream - Dstk Strw Chseck,2,198.72,GBP
14,2021/08/22,Jane Bloggs,Zoovu,Beer - Steamwhistle,2,472.973,GBP
15,2021/12/26,Jane Bloggs,Gigabox,Steampan - Foil,4,131.331,GBP
16,2022/06/07,,Skiptube,,1,402.812,
17,2021/10/12,Jane Bloggs,Flashdog,"Tomatoes - Vine Ripe, Yellow",2,54.944,GBP
18,2021/10/29,Jane Bloggs,Jetpulse,Pepper - Scotch Bonnet,2,383.781,GBP
19,2022/03/09,Jane Bloggs,Digitube,Lettuce - Belgian Endive,4,41.367,GBP
20,2021/11/19,,Chatterpoint,,4,,
21,2022/01/16,Jane Bloggs,Fatz,Dill Weed - Dry,3,276.228,GBP
22,2022/05/31,Jane Bloggs,Quimm,Soup - Campbellschix Stew,2,280.884,GBP
23,2021/11/08,Jane Bloggs,Realmix,"Veal - Leg, Provimi - 50 Lb Max",4,454.483,GBP
24,2022/04/12,Jane Bloggs,Flashset,Nantucket Cranberry Juice,3,413.188,GBP
25,2022/02/20,Jane Bloggs,Katz,Temperature Recording Station,5,499.79,GBP
26,2021/10/05,Jane Bloggs,InnoZ,Spinach - Packaged,2,384.475,GBP
27,2022/04/03,Jane Bloggs,Katz,Red Cod Fillets - 225g,1,272.149,GBP
28,2022/06/21,Jane Bloggs,Voonte,"Vermouth - Sweet, Cinzano",1,68.219,GBP
29,2022/04/11,Jane Bloggs,Divanoodle,Coffee Cup 8oz 5338cd,1,203.634,GBP
30,2021/10/14,Jane Bloggs,Flashdog,Bagel - 12 Grain Preslice,4,358.29,GBP
31,2022/06/04,Jane Bloggs,Voomm,"Jam - Marmalade, Orange",2,34.299,GBP
32,2022/03/08,Jane Bloggs,Avavee,Puree - Guava,4,96.653,GBP
33,2021/11/26,Jane Bloggs,Tagpad,Chutney Sauce - Mango,3,,GBP
34,2022/03/13,Jane Bloggs,Fadeo,Coconut Milk - Unsweetened,3,270.678,GBP
35,2021/08/21,Jane Bloggs,Divape,Beef Flat Iron Steak,3,410.756,GBP
36,2022/06/25,,Gabtype,,5,374.41,
37,2021/11/07,Jane Bloggs,Buzzster,Cod - Fillets,5,455.677,GBP
38,2021/09/28,Jane Bloggs,Feedspan,"Soup - Knorr, Ministrone",2,322.082,GBP
39,2021/08/02,Jane Bloggs,Demivee,Dates,5,311.441,GBP
40,2022/02/06,Jane Bloggs,Topicblab,Cream - 35%,2,244.78,GBP
41,2022/07/03,Jane Bloggs,Realpoint,Clam Nectar,1,242.52,GBP
42,2022/06/13,Jane Bloggs,Tazz,Tea - Lemon Green Tea,2,176.959,GBP
43,2022/05/21,Jane Bloggs,Roombo,Aromat Spice / Seasoning,4,335.792,GBP
44,2022/03/23,Jane Bloggs,Avamm,Pasta - Agnolotti - Butternut,1,283.028,GBP
45,2021/09/23,Jane Bloggs,Eire,Wine - Coteaux Du Tricastin Ac,2,189.082,GBP
46,2022/06/10,Jane Bloggs,Fiveclub,Bread - Raisin Walnut Pull,1,8.976,GBP
47,2022/04/08,Jane Bloggs,Jaxbean,Pear - Prickly,4,424.799,GBP
48,2022/03/31,Jane Bloggs,Kimia,Muffin - Carrot Individual Wrap,4,10.193,GBP
49,2022/04/20,Jane Bloggs,Janyx,Triple Sec - Mcguinness,4,337.183,GBP
50,2022/01/26,Jane Bloggs,Tagcat,Pants Custom Dry Clean,4,194.619,GBP
51,2021/12/03,Jane Bloggs,Flipbug,Bread - Italian Sesame Poly,4,223.453,GBP
52,2021/10/31,Jane Bloggs,Linklinks,Duck - Fat,5,292.61,GBP
53,2022/04/21,Jane Bloggs,Eimbee,Jam - Raspberry,2,275.889,GBP
54,2022/06/23,,Livefish,,2,453.087,
55,2022/02/26,Jane Bloggs,Dabtype,Artichoke - Fresh,5,19.581,GBP
56,2022/05/13,Jane Bloggs,Yamia,Plastic Wrap,3,119.28,GBP
57,2022/05/05,Jane Bloggs,Skilith,Steampan - Half Size Shallow,2,92.961,GBP
58,2022/06/28,,Skinte,,2,417.944,
59,2022/01/04,Jane Bloggs,Linkbridge,Pan Grease,2,107.868,GBP
60,2022/03/24,Jane Bloggs,Tanoodle,Ice Cream - Fudge Bars,4,16.388,GBP
61,2021/11/22,Jane Bloggs,Thoughtsphere,Chutney Sauce - Mango,2,480.087,GBP
62,2022/03/30,Jane Bloggs,Skyba,Bread Country Roll,2,120.486,GBP
63,2022/06/03,Jane Bloggs,Agivu,Beef - Bresaola,1,172.032,GBP
64,2021/09/19,Jane Bloggs,Skyba,Muffin Mix - Raisin Bran,4,,GBP
65,2021/12/16,Jane Bloggs,Photospace,"Coconut - Shredded, Unsweet",4,416.623,GBP
66,2021/10/18,Jane Bloggs,Buzzdog,Seaweed Green Sheets,1,456.379,GBP
67,2021/08/27,Jane Bloggs,Flashset,Jolt Cola - Electric Blue,5,416.571,GBP
68,2022/04/25,Jane Bloggs,Rhynyx,Tandoori Curry Paste,2,82.936,GBP
69,2021/12/01,Jane Bloggs,Centidel,Mushroom - Porcini Frozen,5,42.798,GBP
70,2022/07/03,Jane Bloggs,Jayo,"Juice - Pineapple, 341 Ml",4,217.778,GBP
71,2021/08/14,Jane Bloggs,Photobean,"Pasta - Lasagna, Dry",4,32.605,GBP
72,2022/02/07,Jane Bloggs,Aivee,Cauliflower,5,89.674,GBP
73,2022/07/18,Jane Bloggs,Layo,"Soup - Campbells, Creamy",4,452.1,GBP
74,,Jane Bloggs,Kazio,Spice - Montreal Steak Spice,4,192.894,GBP
75,2021/09/01,Jane Bloggs,Tazz,Sauce - Cranberry,5,113.214,GBP
76,2021/12/27,Jane Bloggs,Gigaclub,"Quail - Whole, Bone - In",3,120.2,GBP
77,2021/10/29,Jane Bloggs,Meejo,Wine - Blue Nun Qualitatswein,3,359.916,GBP
78,2022/04/21,Jane Bloggs,Youtags,Pail For Lid 1537,4,290.366,GBP
79,2022/01/17,Jane Bloggs,Tagchat,Scallops - 20/30,1,363.818,GBP
80,2022/06/25,Jane Bloggs,Edgeclub,Dehydrated Kelp Kombo,2,308.61,GBP
81,2021/10/22,Jane Bloggs,Buzzster,Spaghetti Squash,1,119.919,GBP
82,2022/03/05,Jane Bloggs,Youbridge,Dome Lid Clear P92008h,5,295.132,GBP
83,2021/11/28,Jane Bloggs,Oba,"Nut - Hazelnut, Whole",5,178.916,GBP
84,2022/02/21,Jane Bloggs,Skiba,Salt - Table,,89.571,GBP
85,2022/01/04,Jane Bloggs,Skinder,Vector Energy Bar,2,433.683,GBP
86,2022/02/01,Jane Bloggs,Quinu,Breakfast Quesadillas,2,15.082,GBP
87,2022/01/18,Jane Bloggs,Linktype,Wine - Duboeuf Beaujolais,1,183.791,GBP
88,2021/12/31,Jane Bloggs,Kayveo,"Artichokes - Knobless, White",1,340.603,GBP
89,2022/01/07,Jane Bloggs,Gabtune,Sauce Bbq Smokey,3,266.095,GBP
90,2021/11/28,,Voomm,,4,235.881,
91,2022/04/21,Jane Bloggs,Roodel,Puree - Mango,3,411.552,GBP
92,2022/02/01,Jane Bloggs,Gigabox,Squash - Guords,5,427.207,GBP
93,2022/06/19,,Youopia,,3,55.174,
94,2022/06/08,Jane Bloggs,Dabshots,Rhubarb,2,453.38,GBP
95,2022/01/03,Jane Bloggs,Fivespan,Lamb Rack - Ontario,3,179.607,GBP
96,2021/08/12,Jane Bloggs,Dynazzy,Chicken - Tenderloin,5,497.885,GBP
97,2021/12/22,Jane Bloggs,Riffpath,Wine - Ej Gallo Sierra Valley,1,479.016,GBP
98,2021/12/11,Jane Bloggs,Rooxo,Onion - Dried,2,194.052,GBP
99,2022/06/07,Jane Bloggs,Gabcube,Bar Bran Honey Nut,1,371.319,GBP
100,2022/06/07,Jane Bloggs,Roodel,Chips - Miss Vickies,3,212.941,GBP
101,2021/11/05,,Yadel,,2,235.798,
102,2022/01/12,Jane Bloggs,Talane,Sole - Fillet,5,391.636,GBP
103,2022/04/01,Jane Bloggs,Wordpedia,Pork - Smoked Kassler,4,101.571,GBP
104,2022/02/28,Jane Bloggs,Twiyo,Wine - Beaujolais Villages,2,473.56,GBP
105,2022/02/19,Jane Bloggs,Yambee,Cream - 18%,1,195.74,GBP
106,2022/04/25,Jane Bloggs,Voomm,Bouq All Italian - Primerba,5,396.302,GBP
107,2022/04/03,Jane Bloggs,Kimia,Aspic - Amber,3,85.37,GBP
108,2021/10/07,Jane Bloggs,Vimbo,Peach - Halves,2,213.596,GBP
109,2022/01/20,Jane Bloggs,Flashspan,"Brownies - Two Bite, Chocolate",4,428.999,GBP
110,2022/03/24,,Fivebridge,,5,385.008,
111,2021/09/01,Jane Bloggs,Shuffletag,Cheese Cloth,4,341.36,GBP
112,2022/02/13,Jane Bloggs,Shuffletag,Daikon Radish,4,182.989,GBP
113,2022/07/03,,Meemm,,1,383.961,
114,2022/05/16,Jane Bloggs,Skinte,Numi - Assorted Teas,1,241.477,GBP
115,2022/06/05,Jane Bloggs,Flipstorm,Pea - Snow,2,19.194,GBP
116,2021/11/01,Jane Bloggs,Topicstorm,Mace,5,137.391,GBP
117,2022/03/19,Jane Bloggs,Fivebridge,"Pasta - Lasagna, Dry",5,23.786,GBP
118,2022/02/11,Jane Bloggs,Quimba,Wine - Stoneliegh Sauvignon,2,462.66,GBP
119,2022/07/05,Jane Bloggs,Skinix,Pastry - French Mini Assorted,3,,GBP
120,2021/10/14,Jane Bloggs,Janyx,Onion Powder,3,439.217,GBP
121,2022/04/26,Jane Bloggs,Zoombeat,Beets,3,260.943,GBP
122,2022/07/22,Jane Bloggs,Topiczoom,Appetizer - Seafood Assortment,,233.937,GBP
123,2022/07/17,Jane Bloggs,Quatz,Oil - Sunflower,4,300.413,GBP
124,2022/01/30,Jane Bloggs,Feedfish,Muffin - Zero Transfat,2,241.921,GBP
125,2022/05/28,,Babblestorm,,1,,
126,2022/06/03,Jane Bloggs,Skiba,"Pork - Butt, Boneless",1,209.677,GBP
127,2021/10/24,Jane Bloggs,Fliptune,Island Oasis - Magarita Mix,3,373.632,GBP
128,2021/08/10,Jane Bloggs,Zoomdog,Vinegar - Red Wine,,227.072,GBP
129,2022/04/21,Jane Bloggs,Innojam,Tofu - Firm,2,277.084,GBP
130,2022/03/04,Jane Bloggs,Kamba,Trout - Smoked,4,258.829,GBP
131,2021/10/21,Jane Bloggs,Dabshots,Peach - Halves,4,160.426,GBP
132,2022/01/26,Jane Bloggs,Skilith,"Soup - Beef, Base Mix",5,466.486,GBP
133,2021/09/27,Jane Bloggs,Browsecat,Beans - Wax,4,477.922,GBP
134,2022/02/21,Jane Bloggs,Jaxnation,Crab - Imitation Flakes,2,393.208,GBP
135,2022/05/13,Jane Bloggs,Skinte,Bread Crumbs - Japanese Style,1,467.697,GBP
136,2022/04/09,Jane Bloggs,Dynabox,Buffalo - Tenderloin,,241.961,GBP
137,2022/04/16,,Thoughtworks,,5,497.081,
138,2022/01/12,Jane Bloggs,Fivebridge,Country Roll,1,480.292,GBP
139,2021/10/14,Jane Bloggs,Edgeclub,Chick Peas - Dried,4,23.024,GBP
140,2022/04/02,Jane Bloggs,Mydeo,"Soup - Beef Conomme, Dry",3,83.546,GBP
141,2021/08/30,Jane Bloggs,Blognation,Wine - George Duboeuf Rose,5,412.076,GBP
142,2021/08/02,Jane Bloggs,Youspan,"Tomatoes - Vine Ripe, Yellow",4,468.169,GBP
143,2022/02/01,Jane Bloggs,Avamm,Ezy Change Mophandle,1,492.825,GBP
144,2022/02/21,Jane Bloggs,Skalith,Energy Drink - Franks Original,3,43.291,GBP
145,2021/11/27,Jane Bloggs,Youtags,"Nut - Pistachio, Shelled",4,,GBP
146,2021/12/23,Jane Bloggs,Buzzdog,Longos - Chicken Cordon Bleu,5,355.228,GBP
147,2021/10/17,Jane Bloggs,Izio,"Coconut - Shredded, Unsweet",1,186.029,GBP
148,2021/12/30,Jane Bloggs,Photobean,"Lettuce - Romaine, Heart",3,56.13,GBP
149,2021/07/29,Jane Bloggs,Rhyloo,Pear - Asian,3,424.86,GBP
150,2021/10/25,Jane Bloggs,Devify,Lotus Leaves,2,225.489,GBP
151,2021/09/29,Jane Bloggs,Topiczoom,Grenadine,4,144.533,GBP
152,2022/04/07,Jane Bloggs,Quatz,Wine - Manischewitz Concord,,49.09,GBP
153,2022/01/22,Jane Bloggs,Rhyzio,Cheese - Provolone,5,,GBP
154,2021/09/25,Jane Bloggs,Eire,"Wine - Niagara,vqa Reisling",2,24.706,GBP
155,2022/04/19,,Zoomdog,,2,291.093,
156,2021/09/09,Jane Bloggs,Abatz,Wine - Alicanca Vinho Verde,3,424.773,GBP
157,2021/12/19,Jane Bloggs,Quamba,Cod - Fillets,4,182.034,GBP
158,2021/12/20,Jane Bloggs,Izio,Beer - Creemore,1,377.812,GBP
159,2022/04/18,,Rhyloo,,1,,
160,2022/01/07,Jane Bloggs,Thoughtstorm,Milk - Chocolate 250 Ml,,168.916,GBP
161,2021/10/27,Jane Bloggs,Jaxbean,Asparagus - Frozen,2,482.768,GBP
162,2021/12/28,Jane Bloggs,Rhycero,Cocoa Powder - Natural,2,141.608,GBP
163,2021/08/08,Jane Bloggs,Meevee,Cake - Mini Potato Pancake,4,,GBP
164,2021/11/22,Jane Bloggs,Twitternation,"Water - Mineral, Carbonated",4,354.018,GBP
165,2022/07/26,Jane Bloggs,Jaxnation,"Wine - Red, Harrow Estates, Cab",3,15.431,GBP
166,2022/05/16,Jane Bloggs,Babblestorm,Bouillion - Fish,5,153.485,GBP
167,2021/12/20,Jane Bloggs,Meedoo,Toamtoes 6x7 Select,3,214.076,GBP
168,2021/09/12,Jane Bloggs,Jabberstorm,Mushrooms - Honey,3,136.675,GBP
169,2021/08/23,Jane Bloggs,Meembee,Kirsch - Schloss,4,100.998,GBP
170,2022/07/28,Jane Bloggs,Podcat,Asparagus - Frozen,2,52.405,GBP
171,2022/01/17,Jane Bloggs,JumpXS,Neckerchief Blck,1,276.889,GBP
172,2022/01/31,Jane Bloggs,Zoomcast,"Cheese - Manchego, Spanish",3,318.576,GBP
173,2021/11/19,Jane Bloggs,Yodo,Pork - Bacon Cooked Slcd,5,,GBP
174,2022/04/22,Jane Bloggs,Livepath,Bagel - Everything Presliced,1,470.727,GBP
175,2022/06/18,Jane Bloggs,Babbleset,Kellogs Cereal In A Cup,1,333.934,GBP
176,2021/08/31,Jane Bloggs,Mynte,"Glass - Wine, Plastic, Clear 5 Oz",2,222.699,GBP
177,2021/11/15,Jane Bloggs,Izio,Tomato - Plum With Basil,4,131.24,GBP
178,2022/01/21,Jane Bloggs,Wikibox,Pork - Bacon Cooked Slcd,5,351.217,GBP
179,2021/08/24,,Oyonder,,3,144.717,
180,2022/06/05,,Jatri,,5,157.664,
181,2021/09/20,Jane Bloggs,Feednation,Cheese - Swiss,4,232.778,GBP
182,2021/12/14,Jane Bloggs,Topiczoom,Nut - Macadamia,2,338.125,GBP
183,2022/05/27,Jane Bloggs,Flashdog,Lettuce - Red Leaf,3,464.791,GBP
184,2021/08/31,Jane Bloggs,Jabberbean,Duck - Fat,3,111.455,GBP
185,2021/11/15,,Photobug,,5,6.873,
186,2021/12/04,Jane Bloggs,Mynte,"Champagne - Brights, Dry",3,,GBP
187,2022/01/28,Jane Bloggs,Realfire,"Pepsi, 355 Ml",5,174.423,GBP
188,2022/07/11,,Yodel,,4,,
189,2021/09/29,Jane Bloggs,Feednation,Lobster - Base,2,378.562,GBP
190,2021/08/14,Jane Bloggs,Midel,Energy Drink - Franks Pineapple,3,261.327,GBP
191,2022/03/28,Jane Bloggs,Photolist,"Coke - Classic, 355 Ml",1,392.478,GBP
192,2022/01/26,Jane Bloggs,Eayo,Langers - Cranberry Cocktail,2,108.315,GBP
193,2022/05/12,Jane Bloggs,Jabbersphere,"Nestea - Ice Tea, Diet",2,217.846,GBP
194,2022/03/21,Jane Bloggs,Oloo,Flavouring - Rum,5,174.342,GBP
195,2021/12/28,Jane Bloggs,Eamia,"Nut - Pecan, Pieces",5,200.336,GBP
196,2022/06/08,Jane Bloggs,Jaxspan,"Soup - Campbells, Cream Of",4,286.383,GBP
197,2021/09/22,Jane Bloggs,Dazzlesphere,"Soup - Campbells, Spinach Crm",4,197.837,GBP
198,2021/09/14,Jane Bloggs,Oyonder,Beef - Top Sirloin,1,202.884,GBP
199,2021/11/02,Jane Bloggs,Photofeed,"Soup - Knorr, French Onion",4,168.386,GBP
200,2021/07/30,,Kanoodle,,1,189.971,
201,2021/11/06,Jane Bloggs,Kaymbo,Table Cloth 62x114 White,3,156.706,GBP
202,2021/08/11,Jane Bloggs,Oloo,Veal - Leg,2,438.488,GBP
203,2022/01/16,Jane Bloggs,Photobean,Wine - Chateau Timberlay,5,248.728,GBP
204,2021/08/20,Jane Bloggs,Yodo,Flour Dark Rye,1,136.394,GBP
205,2021/09/10,Jane Bloggs,Youbridge,"Yogurt - Strawberry, 175 Gr",,181.326,GBP
206,2021/12/12,Jane Bloggs,Thoughtmix,Dried Cherries,5,260.2,GBP
207,2021/10/18,Jane Bloggs,Wordware,Sage - Fresh,5,124.163,GBP
208,2022/02/25,Jane Bloggs,Meetz,Milk - 2%,3,106.675,GBP
209,2022/01/04,Jane Bloggs,Tazz,Numi - Assorted Teas,1,339.586,GBP
210,2022/01/02,,Photojam,,2,233.784,
211,2022/02/17,Jane Bloggs,Quinu,Tahini Paste,4,218.818,GBP
212,2022/05/28,Jane Bloggs,Flashspan,Cookie Dough - Chocolate Chip,3,379.213,GBP
213,2022/04/15,,Mydeo,,5,495.578,
214,2022/07/28,,Browseblab,,1,206.391,
215,2021/11/30,Jane Bloggs,Yodoo,Mushroom - Portebello,1,406.954,GBP
216,2021/08/25,Jane Bloggs,Skyndu,Table Cloth 91x91 Colour,3,208.82,GBP
217,2021/11/05,Jane Bloggs,Jazzy,Venison - Liver,2,2.836,GBP
218,2021/12/04,Jane Bloggs,Tagopia,"Artichoke - Bottom, Canned",,40.256,GBP
219,2021/10/28,Jane Bloggs,Youtags,"Appetizer - Spring Roll, Veg",5,183.839,GBP
220,2022/03/14,Jane Bloggs,Fiveclub,Quail - Jumbo,2,489.525,GBP
221,2022/02/27,Jane Bloggs,Eidel,"Salmon - Atlantic, Skin On",2,357.628,GBP
222,2021/10/24,,Topicblab,,4,308.149,
223,2021/09/18,Jane Bloggs,Tekfly,Tray - 16in Rnd Blk,1,319.034,GBP
224,2021/12/06,Jane Bloggs,Skaboo,Coffee Decaf Colombian,5,368.413,GBP
225,2021/08/01,Jane Bloggs,InnoZ,"Doilies - 12, Paper",3,441.797,GBP
226,2022/07/07,Jane Bloggs,Edgeify,Phyllo Dough,3,335.627,GBP
227,2022/06/29,,Eamia,,1,204.828,
228,2021/09/02,,Zooveo,,4,210.298,
229,2022/03/12,Jane Bloggs,Voolith,Milk - 1%,,331.331,GBP
230,2022/02/12,,Tekfly,,1,248.311,
231,2022/06/25,Jane Bloggs,Flipbug,Mangostein,4,446.46,GBP
232,2021/09/29,Jane Bloggs,Twinte,Oil - Hazelnut,4,63.785,GBP
233,2022/05/08,Jane Bloggs,Podcat,Tomatoes,5,173.792,GBP
234,2021/10/17,Jane Bloggs,Jaxnation,Beef - Montreal Smoked Brisket,5,100.223,GBP
235,2021/10/15,Jane Bloggs,Fivebridge,Paper Cocktail Umberlla 80 - 180,2,457.289,GBP
236,2021/11/16,Jane Bloggs,Demizz,Iced Tea Concentrate,3,395.648,GBP
237,2022/07/18,Jane Bloggs,Reallinks,Apricots - Halves,5,485.337,GBP
238,2021/12/05,Jane Bloggs,Divape,Chicken Thigh - Bone Out,1,312.847,GBP
239,2022/02/25,,Wordware,,2,42.461,
240,2022/05/01,,Meetz,,4,2.493,
241,2022/06/21,Jane Bloggs,Rhynyx,"Wine - White, Gewurtzraminer",3,457.724,GBP
242,2022/06/23,Jane Bloggs,Skyvu,Calvados - Boulard,3,431.695,GBP
243,2021/11/25,Jane Bloggs,Eire,"Nut - Almond, Blanched, Sliced",5,102.173,GBP
244,2022/01/26,Jane Bloggs,Demivee,Beef - Short Loin,3,245.48,GBP
245,2022/01/17,Jane Bloggs,Leenti,"Appetizer - Mini Egg Roll, Shrimp",5,64.709,GBP
246,2022/02/11,Jane Bloggs,Chatterbridge,Broom - Push,1,395.508,GBP
247,2022/04/18,Jane Bloggs,Wordify,Soup - Base Broth Beef,1,201.545,GBP
248,2021/09/26,Jane Bloggs,Bubblebox,"Veal - Inside Round / Top, Lean",2,281.065,GBP
249,2021/09/10,Jane Bloggs,Topdrive,Sauce Tomato Pouch,,222.177,GBP
250,2022/06/11,,Flashpoint,,4,208.221,
251,2021/08/01,Jane Bloggs,Oloo,Towel Dispenser,5,313.492,GBP
252,2022/06/28,Jane Bloggs,Twitterbeat,Chocolate - Sugar Free Semi Choc,5,182.828,GBP
253,2021/11/24,,Jetwire,,4,161.508,
254,2022/05/21,Jane Bloggs,Feedfish,Dc - Sakura Fu,2,385.049,GBP
255,2021/11/10,Jane Bloggs,Digitube,Dc Hikiage Hira Huba,4,292.051,GBP
256,2022/01/10,Jane Bloggs,Mydeo,Guava,1,439.071,GBP
257,2021/09/10,Jane Bloggs,Twitterworks,Orange Roughy 4/6 Oz,2,419.873,GBP
258,2022/05/26,Jane Bloggs,Cogibox,"Napkin - Dinner, White",2,394.4,GBP
259,2021/10/13,Jane Bloggs,Eayo,Cheese - Grie Des Champ,5,455.905,GBP
260,2021/12/19,Jane Bloggs,Photolist,Magnotta - Bel Paese White,4,49.312,GBP
261,2022/06/11,Jane Bloggs,Wordtune,Onions - Cooking,3,354.035,GBP
262,2022/02/20,Jane Bloggs,Pixonyx,Nantucket - Orange Mango Cktl,5,293.706,GBP
263,2022/01/13,Jane Bloggs,Cogibox,Petit Baguette,4,345.517,GBP
264,2022/02/25,Jane Bloggs,Jaloo,Peach - Halves,5,397.563,GBP
265,2022/01/14,,Devshare,,,299.067,
266,2022/01/21,Jane Bloggs,Trunyx,"Pepper - Green, Chili",3,236.996,GBP
267,2022/05/04,Jane Bloggs,Mydeo,Beer - Muskoka Cream Ale,1,224.883,GBP
268,2022/02/03,Jane Bloggs,Rhynyx,Cake Slab,3,197.277,GBP
269,2022/02/16,Jane Bloggs,Skilith,Flour - Semolina,3,39.413,GBP
270,2021/12/02,Jane Bloggs,Yakidoo,Coffee - Frthy Coffee Crisp,5,473.478,GBP
271,2022/06/14,Jane Bloggs,Youspan,Lettuce - Green Leaf,3,496.993,GBP
272,2022/02/06,Jane Bloggs,Centidel,"Beans - Fava, Canned",5,244.442,GBP
273,2022/02/15,Jane Bloggs,Zazio,Cranberries - Frozen,1,360.919,GBP
274,2022/04/23,Jane Bloggs,Flashpoint,Carrots - Mini Red Organic,3,,GBP
275,2022/05/29,Jane Bloggs,Leenti,"Cup - 6oz, Foam",2,209.105,GBP
276,2022/05/22,Jane Bloggs,Brainsphere,"Butter - Salted, Micro",5,440.798,GBP
277,2022/01/13,Jane Bloggs,Quamba,Beef - Top Sirloin,1,,GBP
278,2022/07/22,Jane Bloggs,Talane,Dill Weed - Fresh,2,81.844,GBP
279,2021/10/02,Jane Bloggs,Edgetag,Pepper - Chili Powder,1,290.65,GBP
280,2022/03/28,Jane Bloggs,Zoovu,Glaze - Clear,2,285.394,GBP
281,2022/06/11,Jane Bloggs,Flashpoint,Danishes - Mini Raspberry,1,301.852,GBP
282,2022/05/31,,Skipstorm,,3,44.503,
283,2022/05/12,Jane Bloggs,Rhynoodle,"Hickory Smoke, Liquid",2,356.927,GBP
284,2022/07/24,Jane Bloggs,Youopia,Juice - Ocean Spray Cranberry,1,252.68,GBP
285,2021/11/08,Jane Bloggs,Feedfish,Carbonated Water - Cherry,3,308.081,GBP
286,2021/09/30,Jane Bloggs,Voolith,"Pork - Tenderloin, Frozen",4,346.711,GBP
287,2021/10/09,Jane Bloggs,Rhybox,Pepper - Gypsy Pepper,5,283.317,GBP
288,2021/08/19,Jane Bloggs,Fadeo,Oil - Coconut,5,,GBP
289,2021/08/11,Jane Bloggs,Browsedrive,Lettuce - Baby Salad Greens,1,364.265,GBP
290,2022/01/17,Jane Bloggs,Skilith,Coffee Caramel Biscotti,1,60.41,GBP
291,2021/12/17,Jane Bloggs,Zoombox,Longos - Grilled Veg Sandwiches,1,233.64,GBP
292,2022/02/13,Jane Bloggs,Jabberbean,"Soup - Clam Chowder, Dry Mix",3,288.259,GBP
293,,Jane Bloggs,Vipe,Mushroom - Crimini,3,108.919,GBP
294,2021/10/13,Jane Bloggs,Lazzy,"Syrup - Monin, Irish Cream",2,333.492,GBP
295,2022/01/13,Jane Bloggs,Devcast,Oil - Margarine,3,213.064,GBP
296,2022/06/01,Jane Bloggs,Yodo,Nantucket Pine Orangebanana,3,459.8,GBP
297,2022/07/27,Jane Bloggs,Quatz,Cheese - Parmigiano Reggiano,4,354.501,GBP
298,2021/12/14,Jane Bloggs,Devbug,"Mustard - Dry, Powder",2,,GBP
299,2022/03/22,Jane Bloggs,Innojam,Lettuce - Boston Bib - Organic,4,103.059,GBP
300,2022/03/30,Jane Bloggs,Aimbu,Napkin - Beverage 1 Ply,4,153.227,GBP
301,2022/04/08,Jane Bloggs,Yadel,Beef - Salted,5,219.804,GBP
302,2021/11/08,Jane Bloggs,Dazzlesphere,Sole - Fillet,2,213.146,GBP
303,2021/08/28,Jane Bloggs,Jaxnation,Eggwhite Frozen,2,205.792,GBP
304,2021/08/28,Jane Bloggs,Browsecat,"Wine - White, Chardonnay",3,340.511,GBP
305,2022/01/23,Jane Bloggs,Lazz,"Soup - Campbells, Chix Gumbo",5,196.482,GBP
306,2021/08/14,,Demivee,,2,176.351,
307,2022/02/14,Jane Bloggs,Nlounge,"Marjoram - Dried, Rubbed",2,253.387,GBP
308,2022/07/22,Jane Bloggs,Rooxo,Wine - Wyndham Estate Bin 777,1,350.044,GBP
309,2022/05/31,Jane Bloggs,Jatri,"Red Snapper - Fillet, Skin On",2,313.507,GBP
310,2022/06/17,Jane Bloggs,Livetube,Peach - Halves,3,77.792,GBP
311,2022/02/22,Jane Bloggs,Rooxo,Sugar - Invert,3,459.107,GBP
312,2021/11/04,Jane Bloggs,Tagchat,"Pepper - Julienne, Frozen",3,179.386,GBP
313,2022/03/08,Jane Bloggs,Feednation,"Pasta - Fettuccine, Dry",2,104.873,GBP
314,2021/12/21,Jane Bloggs,Wordpedia,"Mushroom - Chanterelle, Dry",2,,GBP
315,2021/10/28,Jane Bloggs,Tagchat,Peas - Frozen,5,423.644,GBP
316,2021/12/16,Jane Bloggs,Tekfly,Bar Mix - Lime,4,364.237,GBP
317,2021/08/05,,Shufflebeat,,2,41.094,
318,2022/02/09,Jane Bloggs,JumpXS,Cakes Assorted,3,225.327,GBP
319,2021/10/31,Jane Bloggs,Jabberstorm,Lamb - Bones,4,381.847,GBP
320,2021/12/05,Jane Bloggs,Centizu,Squash - Pepper,1,215.217,GBP
321,2021/08/28,Jane Bloggs,Avamba,Potatoes - Parissienne,5,13.625,GBP
322,2021/11/26,Jane Bloggs,Plajo,Swiss Chard - Red,1,173.415,GBP
323,2021/11/07,,Blogspan,,4,179.587,
324,2022/06/10,Jane Bloggs,Snaptags,Raspberries - Frozen,,441.395,GBP
325,2022/03/04,Jane Bloggs,Lajo,Bread - Wheat Baguette,,88.817,GBP
326,2021/08/07,Jane Bloggs,Camimbo,Beef - Ground Lean Fresh,3,,GBP
327,2022/01/20,,Trudoo,,2,119.761,
328,2022/03/08,Jane Bloggs,Devpoint,Curry Powder,4,304.364,GBP
329,2022/05/26,Jane Bloggs,Innotype,"Syrup - Monin, Irish Cream",3,83.651,GBP
330,2022/07/22,Jane Bloggs,Teklist,Cheese - Asiago,5,335.196,GBP
331,2022/04/28,Jane Bloggs,Yadel,Garlic - Elephant,2,230.292,GBP
332,2022/02/24,Jane Bloggs,Brainsphere,Rambutan,5,196.385,GBP
333,2022/06/01,Jane Bloggs,Plajo,Bar - Granola Trail Mix Fruit Nut,1,148.025,GBP
334,2021/09/05,Jane Bloggs,Eadel,Eggplant - Asian,3,496.823,GBP
335,2021/12/02,Jane Bloggs,Meeveo,Carrots - Mini Red Organic,2,,GBP
336,2022/02/17,Jane Bloggs,Kaymbo,"Lid - High Heat, Super Clear",1,261.143,GBP
337,2021/08/20,Jane Bloggs,Blogtags,Cheese - St. Paulin,3,26.555,GBP
338,2022/03/20,Jane Bloggs,Twimm,Carbonated Water - Blackberry,5,151.279,GBP
339,2022/02/15,Jane Bloggs,Kanoodle,Bouillion - Fish,2,408.425,GBP
340,2022/06/28,Jane Bloggs,Yabox,Wine - Acient Coast Caberne,2,83.676,GBP
341,2021/12/11,Jane Bloggs,Katz,Lobster - Cooked,2,87.748,GBP
342,2021/12/17,Jane Bloggs,Talane,Banana Turning,4,149.099,GBP
343,2022/07/26,,Mydeo,,1,274.114,
344,2022/05/06,Jane Bloggs,Eamia,Pernod,5,369.588,GBP
345,2021/10/23,Jane Bloggs,Dabvine,Cheese Cloth No 100,1,413.145,GBP
346,2021/11/26,,Dabshots,,4,455.127,
347,2022/03/09,Jane Bloggs,Jatri,Butter Balls Salted,5,417.18,GBP
348,2022/07/27,,Vinte,,3,102.987,
349,,Jane Bloggs,Meezzy,Cleaner - Comet,4,475.449,GBP
350,2022/01/04,Jane Bloggs,Youopia,"Wine - Red, Antinori Santa",3,456.621,GBP
351,2021/09/21,Jane Bloggs,Topicshots,Yeast Dry - Fleischman,2,131.096,GBP
352,2022/05/26,Jane Bloggs,Teklist,Mustard - Dijon,5,357.724,GBP
353,2022/01/10,Jane Bloggs,Dazzlesphere,Glove - Cutting,4,,GBP
354,2022/02/05,Jane Bloggs,Talane,Flour Dark Rye,5,369.169,GBP
355,2022/01/26,Jane Bloggs,Thoughtmix,Island Oasis - Ice Cream Mix,1,,GBP
356,2021/08/26,Jane Bloggs,Devpulse,Nut - Macadamia,,433.077,GBP
357,2022/06/27,Jane Bloggs,Kayveo,"Zucchini - Mini, Green",5,156.96,GBP
358,2022/05/02,Jane Bloggs,Tazz,Honey - Comb,5,425.514,GBP
359,2021/11/23,Jane Bloggs,Topicshots,Iced Tea Concentrate,1,279.161,GBP
360,2021/12/17,Jane Bloggs,Dynabox,Extract - Almond,1,107.688,GBP
361,2022/03/11,Jane Bloggs,Avamba,Cloves - Whole,3,,GBP
362,2022/05/04,,Livetube,,4,443.592,
363,2022/03/19,Jane Bloggs,Skalith,Spinach - Spinach Leaf,2,353.628,GBP
364,2022/06/17,Jane Bloggs,Riffpedia,Parsley - Dried,2,131.965,GBP
365,2022/05/19,Jane Bloggs,Aimbu,"Mushroom - Morels, Dry",,168.562,GBP
366,2021/11/04,Jane Bloggs,Gigazoom,Lobak,3,152.642,GBP
367,2022/04/27,,Dabfeed,,4,122.081,
368,2022/07/27,Jane Bloggs,Mymm,Irish Cream - Butterscotch,3,162.067,GBP
369,,Jane Bloggs,Skimia,Bagels Poppyseed,4,21.079,GBP
370,2022/02/23,Jane Bloggs,Brightdog,"Thyme - Lemon, Fresh",5,377.122,GBP
371,2021/12/07,Jane Bloggs,Fatz,Trout Rainbow Whole,3,414.241,GBP
372,2022/07/25,Jane Bloggs,Skinte,"Quail - Whole, Boneless",1,75.474,GBP
373,2022/07/13,Jane Bloggs,Yombu,Wakami Seaweed,4,331.424,GBP
374,2022/03/17,Jane Bloggs,Skynoodle,"Lamb - Leg, Diced",2,,GBP
375,2022/01/28,Jane Bloggs,Demizz,Onions - White,4,86.752,GBP
376,2022/01/24,Jane Bloggs,Voonyx,Turkey - Ground. Lean,2,125.076,GBP
377,2022/04/16,,Voonyx,,4,156.231,
378,2021/11/27,Jane Bloggs,Pixoboo,Wine - Vovray Sec Domaine Huet,4,377.989,GBP
379,2021/08/26,Jane Bloggs,Thoughtsphere,Cake - Cheese Cake 9 Inch,5,11.843,GBP
380,2022/07/04,Jane Bloggs,Camido,Rootbeer,3,301.64,GBP
381,,Jane Bloggs,Linkbridge,Sobe - Lizard Fuel,,46.906,GBP
382,2022/02/07,Jane Bloggs,Blogspan,"Pasta - Canelloni, Single Serve",4,173.722,GBP
383,2022/04/18,Jane Bloggs,Cogibox,Cod - Black Whole Fillet,2,39.695,GBP
384,2022/03/12,Jane Bloggs,Twinte,Tea - Herbal Orange Spice,1,188.84,GBP
385,2022/01/15,Jane Bloggs,Fivebridge,"Pineapple - Canned, Rings",2,284.512,GBP
386,2022/07/11,Jane Bloggs,Jamia,"Bread - White, Sliced",,411.233,GBP
387,2022/05/01,,Babblestorm,,1,479.483,
388,2021/09/24,Jane Bloggs,Zoombox,Chocolate - White,5,459.0,GBP
389,2021/11/07,Jane Bloggs,Talane,Capers - Pickled,1,14.031,GBP
390,,Jane Bloggs,Innojam,Lumpfish Black,3,480.623,GBP
391,2022/01/24,Jane Bloggs,Skinix,Coffee - Hazelnut Cream,5,133.814,GBP
392,2022/07/28,,Jayo,,3,344.965,
393,2021/12/12,Jane Bloggs,Topicstorm,Fudge - Cream Fudge,5,131.069,GBP
394,2021/08/28,Jane Bloggs,Fivebridge,Sour Puss - Tangerine,,155.203,GBP
395,2022/02/23,Jane Bloggs,Skiptube,"Nut - Hazelnut, Whole",4,173.288,GBP
396,2021/12/25,Jane Bloggs,Zoovu,Neckerchief Blck,1,40.798,GBP
397,2022/07/09,Jane Bloggs,Eare,Pizza Pizza Dough,5,469.846,GBP
398,2022/03/07,Jane Bloggs,Abata,Cocoa Powder - Natural,2,32.977,GBP
399,2022/01/11,Jane Bloggs,Divavu,Carbonated Water - Peach,3,353.572,GBP
400,2022/03/25,,BlogXS,,2,47.333,
401,2021/11/20,Jane Bloggs,Vimbo,Wine - Pinot Noir Stoneleigh,5,232.035,GBP
402,2022/07/24,Jane Bloggs,Photolist,"Soup - Campbells, Cream Of",1,308.712,GBP
403,2021/08/10,Jane Bloggs,Agivu,Macaroons - Homestyle Two Bit,5,440.114,GBP
404,2022/01/12,,Voolith,,4,394.554,
405,2021/10/25,Jane Bloggs,Demizz,Samosa - Veg,2,378.211,GBP
406,2022/02/10,Jane Bloggs,Feedbug,Dried Peach,5,375.719,GBP
407,2021/08/26,Jane Bloggs,Gevee,"Leeks - Baby, White",,486.974,GBP
408,2021/12/30,Jane Bloggs,Lajo,Pop - Club Soda Can,,355.555,GBP
409,2022/06/06,Jane Bloggs,Oyonder,"Nut - Almond, Blanched, Sliced",2,215.058,GBP
410,2022/06/22,Jane Bloggs,Vipe,Praline Paste,2,256.284,GBP
411,2021/10/30,Jane Bloggs,Tagpad,Chocolate - Feathers,2,433.511,GBP
412,2022/06/23,Jane Bloggs,Kwilith,Flavouring - Orange,4,345.948,GBP
413,2021/08/15,Jane Bloggs,Bubblemix,Lychee,3,437.081,GBP
414,2022/03/14,Jane Bloggs,Wordify,Breadfruit,5,295.829,GBP
415,2022/01/14,Jane Bloggs,Agivu,Ecolab Crystal Fusion,3,84.826,GBP
416,2022/07/10,Jane Bloggs,Riffpath,Swordfish Loin Portions,4,302.869,GBP
417,2022/07/01,Jane Bloggs,Minyx,Container - Clear 16 Oz,3,338.967,GBP
418,2022/03/10,Jane Bloggs,Feedbug,Tea - Mint,3,321.821,GBP
419,,Jane Bloggs,Linklinks,Cut Wakame - Hanawakaba,2,172.606,GBP
420,2021/08/21,,Feedmix,,1,70.169,
421,2022/01/16,Jane Bloggs,Dynazzy,Compound - Passion Fruit,2,46.056,GBP
422,2021/11/20,Jane Bloggs,Myworks,"Nut - Almond, Blanched, Sliced",4,,GBP
423,2022/04/19,Jane Bloggs,Katz,Contreau,5,373.456,GBP
424,2022/06/26,Jane Bloggs,Browsetype,"Lamb - Racks, Frenched",,477.919,GBP
425,2021/12/06,Jane Bloggs,Babbleopia,Pail With Metal Handle 16l White,3,275.534,GBP
426,2022/01/15,Jane Bloggs,Abata,"Beans - Black Bean, Canned",1,166.868,GBP
427,2022/03/19,Jane Bloggs,Centidel,"Beef - Kindney, Whole",4,260.724,GBP
428,2022/03/04,Jane Bloggs,Mita,"Beef - Rouladin, Sliced",5,487.285,GBP
429,2022/04/26,Jane Bloggs,Meedoo,Chocolate - Chips Compound,3,115.679,GBP
430,2022/02/06,Jane Bloggs,Babbleset,Bagel - Everything,1,380.971,GBP
431,2021/07/29,Jane Bloggs,Dabfeed,Veal - Slab Bacon,3,439.994,GBP
432,2022/04/16,,Youspan,,2,362.951,
433,2022/02/23,Jane Bloggs,Quamba,Wine - George Duboeuf Rose,3,478.961,GBP
434,2022/05/17,Jane Bloggs,Divavu,Tea Peppermint,4,478.587,GBP
435,2021/12/17,Jane Bloggs,Photojam,Wine - Balbach Riverside,,191.717,GBP
436,,Jane Bloggs,Meezzy,Sugar - Palm,1,352.573,GBP
437,2021/08/19,Jane Bloggs,Wikizz,"Bar Mix - Pina Colada, 355 Ml",1,382.511,GBP
438,2022/05/28,Jane Bloggs,Quinu,Cheese - Gouda,,424.849,GBP
439,2021/12/30,,Gabtune,,2,420.239,
440,2022/07/09,Jane Bloggs,Fiveclub,Green Scrubbie Pad H.duty,1,319.102,GBP
441,2022/04/07,Jane Bloggs,Agivu,"Shrimp - Baby, Warm Water",1,140.78,GBP
442,2021/11/08,Jane Bloggs,Roombo,Curry Powder,2,378.767,GBP
443,2021/08/25,Jane Bloggs,Voolith,Soup - Cream Of Potato / Leek,3,359.438,GBP
444,2021/10/13,Jane Bloggs,Edgetag,"Pepper - White, Ground",5,104.327,GBP
445,2022/02/20,Jane Bloggs,Podcat,Nantucket Pine Orangebanana,5,43.523,GBP
446,2022/01/11,Jane Bloggs,Leenti,Salt - Seasoned,1,30.541,GBP
447,2021/10/15,Jane Bloggs,Rhyzio,Oil - Macadamia,3,97.305,GBP
448,2021/10/03,Jane Bloggs,Shuffledrive,"Coke - Classic, 355 Ml",4,316.851,GBP
449,2022/02/26,Jane Bloggs,Tagcat,Soup Bowl Clear 8oz92008,1,86.617,GBP
450,2022/03/01,Jane Bloggs,Reallinks,Wine - Marlbourough Sauv Blanc,2,165.62,GBP
451,2022/04/14,Jane Bloggs,Fivechat,"Salt - Rock, Course",5,179.87,GBP
452,2022/01/19,Jane Bloggs,Mybuzz,Bay Leaf Fresh,3,234.335,GBP
453,2021/08/01,Jane Bloggs,Cogilith,Squid U5 - Thailand,5,61.211,GBP
454,2022/01/13,Jane Bloggs,Lazzy,Foie Gras,4,,GBP
455,2022/03/21,Jane Bloggs,Voomm,Gooseberry,,,GBP
456,2022/01/30,Jane Bloggs,Podcat,Compound - Orange,4,,GBP
457,2022/05/24,Jane Bloggs,Jayo,Nantucket - 518ml,1,457.308,GBP
458,2022/04/30,Jane Bloggs,Jaxspan,Hand Towel,5,219.191,GBP
459,2022/03/08,Jane Bloggs,Topdrive,"Wine - White, French Cross",4,64.241,GBP
460,2021/11/10,Jane Bloggs,Devbug,"Salmon - Atlantic, Skin On",4,213.995,GBP
461,2022/06/17,Jane Bloggs,Brightbean,Scallops - 20/30,3,86.27,GBP
462,2021/10/29,Jane Bloggs,Aimbu,"Gingerale - Schweppes, 355 Ml",5,388.683,GBP
463,2022/06/15,Jane Bloggs,Lajo,Shrimp - Prawn,1,398.845,GBP
464,2021/11/26,Jane Bloggs,Twimbo,Wine - Chateau Bonnet,2,228.53,GBP
465,2021/12/05,Jane Bloggs,Mita,"Pork - Back, Short Cut, Boneless",3,157.428,GBP
466,2021/08/01,Jane Bloggs,Zoonder,Longos - Assorted Sandwich,5,320.729,GBP
467,2022/07/11,Jane Bloggs,Mybuzz,"Pork - Butt, Boneless",4,242.234,GBP
468,2021/09/27,,Topicstorm,,4,53.162,
469,2022/05/06,,Fadeo,,3,25.351,
470,2021/12/19,Jane Bloggs,Devify,Danishes - Mini Raspberry,2,235.056,GBP
471,,Jane Bloggs,Livefish,Vanilla Beans,4,388.929,GBP
472,2021/11/20,Jane Bloggs,Tagpad,Wine - Sicilia Igt Nero Avola,1,214.361,GBP
473,2022/06/26,Jane Bloggs,Zoomdog,Beer - Creemore,2,491.118,GBP
474,2022/02/04,Jane Bloggs,Flipstorm,Bread - French Stick,4,71.826,GBP
475,2021/11/22,,Bubblemix,,1,,
476,2022/03/01,Jane Bloggs,Meetz,Cup Translucent 9 Oz,1,217.292,GBP
477,2022/03/25,Jane Bloggs,Zooveo,Wine - Sauvignon Blanc Oyster,,290.491,GBP
478,2021/10/08,Jane Bloggs,Ooba,"Pepper - White, Ground",5,45.186,GBP
479,2022/02/26,Jane Bloggs,Mita,"Doilies - 5, Paper",3,380.296,GBP
480,2022/06/16,Jane Bloggs,Eadel,Initation Crab Meat,3,319.026,GBP
481,2022/04/25,Jane Bloggs,Oloo,Bread - Pita,1,132.356,GBP
482,2022/04/24,Jane Bloggs,Thoughtbeat,External Supplier,4,140.505,GBP
483,2021/12/06,Jane Bloggs,Voonyx,Wine - Shiraz Wolf Blass Premium,3,322.662,GBP
484,2021/10/03,Jane Bloggs,Oozz,Hipnotiq Liquor,,472.652,GBP
485,2022/04/22,,Quimm,,5,335.699,
486,2022/03/05,Jane Bloggs,Chatterbridge,Canadian Emmenthal,1,386.278,GBP
487,2022/02/26,Jane Bloggs,Twimbo,Spinach - Packaged,1,393.107,GBP
488,2022/06/30,,Kimia,,1,356.622,
489,2022/02/24,Jane Bloggs,Oyondu,"Nut - Walnut, Chopped",1,86.712,GBP
490,2022/01/29,Jane Bloggs,Lajo,Oranges,1,224.303,GBP
491,2022/03/23,Jane Bloggs,Buzzbean,Wine La Vielle Ferme Cote Du,3,203.935,GBP
492,2021/10/06,Jane Bloggs,Jamia,"Cheese - Manchego, Spanish",3,156.549,GBP
493,2021/12/25,Jane Bloggs,Twitternation,Fenngreek Seed,2,5.983,GBP
494,2021/08/06,Jane Bloggs,Midel,"Coke - Classic, 355 Ml",1,420.869,GBP
495,2022/05/15,,Dabtype,,2,279.844,
496,2022/06/27,Jane Bloggs,Vimbo,Egg Patty Fried,3,471.763,GBP
497,2021/09/05,Jane Bloggs,Oyoyo,Chickhen - Chicken Phyllo,3,29.421,GBP
498,2022/01/04,,Feedmix,,,255.733,
499,2022/01/26,Jane Bloggs,Yamia,Bread - Onion Focaccia,3,38.548,GBP
500,2022/05/12,Jane Bloggs,Mudo,"Pork - Loin, Bone - In",5,434.88,GBP
501,2022/01/18,Jane Bloggs,Gigazoom,Teriyaki Sauce,1,251.347,GBP
502,2022/07/23,Jane Bloggs,Jabbersphere,Steamers White,3,99.626,GBP
503,2021/09/06,Jane Bloggs,Meetz,Compound - Passion Fruit,1,479.84,GBP
504,2021/11/10,Jane Bloggs,Skippad,Ostrich - Fan Fillet,1,44.938,GBP
505,2022/06/07,Jane Bloggs,Mydeo,"Tart Shells - Sweet, 3",2,286.426,GBP
506,2022/02/09,Jane Bloggs,Divavu,"Quail - Eggs, Fresh",1,183.415,GBP
507,2021/12/31,Jane Bloggs,Buzzdog,Buffalo - Short Rib Fresh,1,276.387,GBP
508,2022/01/24,Jane Bloggs,Skaboo,Bagelers - Cinn / Brown,5,394.511,GBP
509,2021/08/08,Jane Bloggs,Podcat,Apple - Custard,3,402.768,GBP
510,2022/07/19,Jane Bloggs,Bubblebox,Cheese - Stilton,4,460.414,GBP
511,2022/04/01,Jane Bloggs,Fanoodle,Capers - Ox Eye Daisy,2,468.79,GBP
512,2022/04/03,Jane Bloggs,Realcube,"Veal - Leg, Provimi - 50 Lb Max",2,,GBP
513,2022/05/07,Jane Bloggs,Eazzy,Pepper - Jalapeno,4,341.873,GBP
514,2021/11/26,Jane Bloggs,Edgeblab,Basil - Pesto Sauce,2,25.709,GBP
515,2022/06/15,Jane Bloggs,Agivu,"Juice - Tomato, 10 Oz",,157.499,GBP
516,2021/08/29,Jane Bloggs,Ooba,"Lamb - Whole Head Off,nz",3,66.385,GBP
517,2021/08/29,Jane Bloggs,Feednation,Tea - Herbal I Love Lemon,3,485.066,GBP
518,2022/06/16,Jane Bloggs,Meedoo,"Juice - Apple, 1.36l",4,,GBP
519,2022/07/05,,Edgetag,,3,281.403,
520,2021/10/05,Jane Bloggs,Riffwire,Muffin - Blueberry Individual,1,476.411,GBP
521,2021/10/04,Jane Bloggs,Zoonoodle,Wine - Periguita Fonseca,2,322.138,GBP
522,2021/11/20,Jane Bloggs,Riffpath,Aspic - Clear,1,200.249,GBP
523,2022/01/06,Jane Bloggs,Skyble,Wine - White Cab Sauv.on,5,280.766,GBP
524,2021/12/04,Jane Bloggs,Youspan,Wine - Soave Folonari,5,250.365,GBP
525,2021/11/21,Jane Bloggs,Zoovu,Persimmons,4,305.499,GBP
526,2022/03/14,Jane Bloggs,Divape,Yams,2,421.863,GBP
527,2021/10/27,Jane Bloggs,Wikivu,Wine - Cabernet Sauvignon,1,297.515,GBP
528,2022/02/05,Jane Bloggs,Photobean,"Beets - Candy Cane, Organic",5,4.423,GBP
529,2022/03/09,,Photobug,,1,121.333,
530,2022/06/21,Jane Bloggs,Lajo,Nori Sea Weed,4,19.0,GBP
531,2022/07/10,,Ainyx,,4,320.306,
532,2021/09/12,Jane Bloggs,Divape,Tea - Black Currant,5,186.057,GBP
533,2021/09/27,Jane Bloggs,Yata,Muffin - Mix - Bran And Maple 15l,1,75.245,GBP
534,2021/11/09,Jane Bloggs,Mynte,Cheese - Gouda Smoked,4,476.398,GBP
535,2022/06/05,Jane Bloggs,Viva,Syrup - Monin - Blue Curacao,,417.057,GBP
536,2021/07/30,Jane Bloggs,Oba,Sauce - Rosee,1,298.442,GBP
537,2021/10/20,Jane Bloggs,Oodoo,"Sugar - Sweet N Low, Individual",2,79.007,GBP
538,2022/07/11,Jane Bloggs,Oloo,Pecan Raisin - Tarts,2,111.236,GBP
539,2022/05/15,Jane Bloggs,Jaxbean,"Ice - Clear, 300 Lb For Carving",,230.372,GBP
540,2022/06/22,Jane Bloggs,Skyba,"Chicken - Leg, Fresh",,70.026,GBP
541,2021/10/11,Jane Bloggs,Yabox,Croissants Thaw And Serve,2,,GBP
542,2022/04/05,Jane Bloggs,Vimbo,Wine - Ruffino Chianti Classico,2,199.566,GBP
543,2021/11/10,Jane Bloggs,Geba,Tumeric,5,213.096,GBP
544,2022/04/03,,Blognation,,4,17.026,
545,2022/06/27,Jane Bloggs,Mymm,"Cheese - Boursin, Garlic / Herbs",4,139.262,GBP
546,2022/04/06,Jane Bloggs,Topiczoom,Lettuce - Arugula,5,466.985,GBP
547,2022/07/12,Jane Bloggs,Pixope,Versatainer Nc - 888,2,114.904,GBP
548,2022/04/10,Jane Bloggs,Reallinks,Chicken - Soup Base,,442.018,GBP
549,2022/07/01,Jane Bloggs,Zooxo,Bamboo Shoots - Sliced,5,141.399,GBP
550,2021/10/26,Jane Bloggs,Trudeo,"Wine - Magnotta, White",2,182.866,GBP
551,2022/03/09,Jane Bloggs,Twitterlist,Veal - Leg,5,431.206,GBP
552,2022/04/11,Jane Bloggs,Yakidoo,Pate Pans Yellow,4,295.008,GBP
553,2022/04/18,Jane Bloggs,Avavee,Cookie - Oatmeal,1,,GBP
554,2021/10/31,Jane Bloggs,Brightdog,Stainless Steel Cleaner Vision,2,91.226,GBP
555,2022/06/20,Jane Bloggs,Flipopia,"Nut - Hazelnut, Whole",3,387.674,GBP
556,2021/11/05,Jane Bloggs,Leenti,Compound - Pear,2,481.603,GBP
557,2022/06/28,Jane Bloggs,Voonix,Wine - Tio Pepe Sherry Fino,1,216.559,GBP
558,2022/01/13,Jane Bloggs,Divanoodle,"Pepper - Red, Finger Hot",3,150.222,GBP
559,2022/02/19,Jane Bloggs,Cogibox,Squid Ink,3,454.605,GBP
560,2021/12/01,Jane Bloggs,Plambee,"Chilli Paste, Sambal Oelek",,486.189,GBP
561,2021/09/25,Jane Bloggs,Skilith,Beef - Short Ribs,4,75.896,GBP
562,2021/08/03,Jane Bloggs,Voonyx,Yogurt - Assorted Pack,2,28.024,GBP
563,2022/04/20,Jane Bloggs,Skyble,Soup - Campbells Tomato Ravioli,5,59.95,GBP
564,2021/08/20,Jane Bloggs,Skaboo,Iced Tea Concentrate,4,12.672,GBP
565,2022/07/10,Jane Bloggs,Skynoodle,"Mushroom - Trumpet, Dry",2,352.241,GBP
566,2021/08/11,Jane Bloggs,Myworks,Wine - Prosecco Valdobienne,2,492.936,GBP
567,2021/11/09,Jane Bloggs,Yacero,Cheese - Asiago,1,361.646,GBP
568,2021/11/14,Jane Bloggs,Bubblemix,Lettuce - Lolla Rosa,3,76.191,GBP
569,2021/12/10,Jane Bloggs,Einti,Coffee - Irish Cream,1,466.094,GBP
570,2022/03/11,Jane Bloggs,Fanoodle,Gingerale - Diet - Schweppes,4,3.249,GBP
571,2021/10/05,Jane Bloggs,Eayo,"Wine - Magnotta, White",5,497.433,GBP
572,2021/08/29,Jane Bloggs,Minyx,Arizona - Plum Green Tea,1,352.64,GBP
573,,Jane Bloggs,Leenti,"Shrimp - Baby, Warm Water",4,234.461,GBP
574,2022/02/10,Jane Bloggs,Ntags,Chickhen - Chicken Phyllo,5,75.834,GBP
575,2022/04/29,Jane Bloggs,Flipopia,Coriander - Ground,1,,GBP
576,2022/07/27,,Thoughtbeat,,3,463.014,
577,2022/03/26,,Rhybox,,3,28.568,
578,2022/04/17,Jane Bloggs,Meejo,Apples - Spartan,3,430.19,GBP
579,2021/09/29,Jane Bloggs,Vitz,Dried Apple,4,336.786,GBP
580,2022/01/17,Jane Bloggs,Katz,Potatoes - Mini Red,5,324.451,GBP
581,2022/05/18,Jane Bloggs,Photobug,Cheese - Parmesan Cubes,,320.554,GBP
582,2022/03/22,Jane Bloggs,Riffpedia,Wine - Chianti Classico Riserva,,31.105,GBP
583,2021/09/10,Jane Bloggs,Zoombox,Pork - Ham Hocks - Smoked,4,155.741,GBP
584,2022/03/25,Jane Bloggs,Vidoo,Asparagus - Mexican,1,328.214,GBP
585,2022/04/05,Jane Bloggs,Zooxo,Shrimp - Black Tiger 6 - 8,,266.132,GBP
586,2022/03/27,Jane Bloggs,Einti,Steam Pan - Half Size Deep,3,95.126,GBP
587,2021/12/08,Jane Bloggs,Topicstorm,Dikon,1,300.197,GBP
588,2022/07/14,Jane Bloggs,Snaptags,Ham - Cooked,1,136.838,GBP
589,2021/12/13,Jane Bloggs,Jaloo,Beer - Original Organic Lager,5,489.35,GBP
590,2021/08/20,Jane Bloggs,Skinte,Onions - Pearl,5,247.572,GBP
591,2021/10/28,Jane Bloggs,Avaveo,Pepper - Gypsy Pepper,2,98.05,GBP
592,2021/10/24,Jane Bloggs,Topiczoom,Salmon Steak - Cohoe 8 Oz,3,90.773,GBP
593,2022/01/01,Jane Bloggs,Fivespan,"Nut - Almond, Blanched, Sliced",3,17.592,GBP
594,2022/05/25,Jane Bloggs,Lazzy,Tomatoes - Heirloom,3,38.875,GBP
595,2022/01/02,Jane Bloggs,Yodoo,Creme De Banane - Marie,2,467.987,GBP
596,2022/05/17,Jane Bloggs,Minyx,"Soup - Knorr, Chicken Gumbo",1,121.152,GBP
597,2022/02/03,Jane Bloggs,Babbleblab,Bread Foccacia Whole,,276.618,GBP
598,2021/10/23,Jane Bloggs,Livetube,Table Cloth 53x69 White,2,138.467,GBP
599,2022/06/30,Jane Bloggs,Avavee,Bagel - Ched Chs Presliced,,,GBP
600,2022/05/15,Jane Bloggs,Thoughtmix,"Coconut - Shredded, Unsweet",3,46.483,GBP
601,2022/02/13,Jane Bloggs,Dabtype,"Club Soda - Schweppes, 355 Ml",5,303.925,GBP
602,2021/11/14,Jane Bloggs,Meeveo,"Bread - Bagels, Mini",1,452.341,GBP
603,2021/10/08,,Browsezoom,,,210.732,
604,2021/07/29,Jane Bloggs,Linklinks,"Oil - Food, Lacquer Spray",5,149.081,GBP
605,2021/08/04,Jane Bloggs,Skyndu,Lady Fingers,5,136.75,GBP
606,2022/07/05,Jane Bloggs,BlogXS,Cocktail Napkin Blue,5,106.554,GBP
607,2021/12/10,Jane Bloggs,Cogibox,"Pepper - Paprika, Hungarian",3,453.368,GBP
608,2022/02/07,Jane Bloggs,Oozz,Truffle Shells - Semi - Sweet,4,355.615,GBP
609,2021/10/31,Jane Bloggs,Jabbercube,Filter - Coffee,5,169.157,GBP
610,2022/01/15,Jane Bloggs,Skivee,Steampan - Lid For Half Size,4,305.583,GBP
611,2022/07/19,Jane Bloggs,Jetwire,Muffin - Mix - Creme Brule 15l,4,,GBP
612,2021/09/09,Jane Bloggs,Thoughtbeat,Pants Custom Dry Clean,2,436.26,GBP
613,2021/11/13,Jane Bloggs,Skiptube,Sterno - Chafing Dish Fuel,5,162.531,GBP
614,2022/04/24,Jane Bloggs,Skyvu,Grapes - Red,2,,GBP
615,2021/08/16,Jane Bloggs,Vinder,Beef Ground Medium,1,376.603,GBP
616,2021/09/23,,Vipe,,2,477.693,
617,2021/09/20,Jane Bloggs,Quatz,"Mushroom - Porcini, Dry",,424.448,GBP
618,2022/02/21,Jane Bloggs,Rhyzio,Wine - Chenin Blanc K.w.v.,5,97.935,GBP
619,2022/06/21,Jane Bloggs,Dabvine,Soup - Campbells Beef Stew,5,13.229,GBP
620,2022/03/12,Jane Bloggs,Realcube,Muffin - Zero Transfat,1,37.014,GBP
621,2021/12/10,Jane Bloggs,Eazzy,Nantucket Cranberry Juice,4,42.346,GBP
622,2022/01/09,Jane Bloggs,Oba,Squash - Pepper,4,,GBP
623,2022/03/03,Jane Bloggs,Wikizz,Jolt Cola,1,492.17,GBP
624,2021/08/10,Jane Bloggs,Edgeblab,Ostrich - Prime Cut,1,456.383,GBP
625,2022/03/06,Jane Bloggs,Meevee,Paper - Brown Paper Mini Cups,3,16.704,GBP
626,2021/08/24,Jane Bloggs,Yacero,Cup - 8oz Coffee Perforated,5,,GBP
627,2022/03/13,Jane Bloggs,Quamba,Arizona - Plum Green Tea,5,354.903,GBP
628,2022/07/18,Jane Bloggs,Photobean,"Red Snapper - Fillet, Skin On",4,84.156,GBP
629,2022/01/11,Jane Bloggs,Gabspot,Muffin Orange Individual,3,80.517,GBP
630,2021/09/17,,Centimia,,1,372.692,
631,2021/11/05,,Babblestorm,,5,91.962,
632,2021/12/09,,Snaptags,,1,14.658,
633,2022/04/23,,Voomm,,1,305.862,
634,2022/04/07,Jane Bloggs,Jabbersphere,Flower - Commercial Spider,4,367.016,GBP
635,2022/04/19,Jane Bloggs,Meevee,Water - Spring Water 500ml,5,,GBP
636,2021/10/02,Jane Bloggs,Innojam,Lotus Rootlets - Canned,2,215.186,GBP
637,2022/05/22,Jane Bloggs,Roodel,Muffin Mix - Chocolate Chip,,,GBP
638,2022/03/11,Jane Bloggs,Riffpedia,Soup - Campbells Bean Medley,3,418.802,GBP
639,2022/01/11,,Lajo,,2,359.952,
640,2021/09/23,Jane Bloggs,Realbridge,Lentils - Green Le Puy,2,473.691,GBP
641,2021/10/18,Jane Bloggs,Buzzshare,Dc Hikiage Hira Huba,5,293.654,GBP
642,2022/07/09,Jane Bloggs,Wikivu,Spice - Paprika,4,431.688,GBP
643,2021/10/31,Jane Bloggs,Yadel,Peach - Halves,4,82.211,GBP
644,2021/10/17,Jane Bloggs,Twitterworks,Pepper - Jalapeno,3,26.168,GBP
645,2022/04/13,Jane Bloggs,Realbridge,"Wine - Magnotta, Merlot Sr Vqa",5,346.335,GBP
646,2021/10/24,Jane Bloggs,Dazzlesphere,Lid Coffee Cup 8oz Blk,3,278.066,GBP
647,2021/11/11,Jane Bloggs,JumpXS,Creamers - 10%,3,453.962,GBP
648,2021/07/30,Jane Bloggs,Devpulse,Mortadella,4,440.467,GBP
649,2021/11/09,,Blogspan,,,341.154,
650,2022/06/16,Jane Bloggs,JumpXS,"Crab - Back Fin Meat, Canned",5,399.309,GBP
651,2021/08/03,Jane Bloggs,JumpXS,Pail With Metal Handle 16l White,1,404.799,GBP
652,2022/03/08,Jane Bloggs,Pixope,Toamtoes 6x7 Select,3,113.059,GBP
653,2022/02/08,,Jetpulse,,3,84.609,
654,2021/08/19,Jane Bloggs,Realcube,Island Oasis - Cappucino Mix,1,10.808,GBP
655,2022/03/30,Jane Bloggs,Gigaclub,Bagel - Whole White Sesame,1,90.116,GBP
656,2022/07/17,Jane Bloggs,Skimia,"Shrimp - 21/25, Peel And Deviened",1,,GBP
657,2021/12/16,,Tagopia,,3,49.626,
658,2022/06/01,Jane Bloggs,Skinix,Macaroons - Two Bite Choc,,127.729,GBP
659,2022/04/01,Jane Bloggs,Kazio,Gelatine Leaves - Envelopes,2,497.283,GBP
660,2021/12/04,Jane Bloggs,Gevee,"Nut - Walnut, Pieces",5,422.829,GBP
661,2021/07/31,Jane Bloggs,Cogidoo,Appetizer - Chicken Satay,2,177.094,GBP
662,2022/02/18,,Trudoo,,3,230.34,
663,2022/01/02,Jane Bloggs,Youfeed,Nantucket - Kiwi Berry Cktl.,1,280.083,GBP
664,2022/02/22,,Mynte,,3,60.959,
665,2022/03/28,Jane Bloggs,Yabox,Uniform Linen Charge,1,284.977,GBP
666,2021/10/02,Jane Bloggs,Gevee,Baking Soda,3,308.59,GBP
667,2022/05/02,Jane Bloggs,Skipfire,"Nut - Walnut, Chopped",2,397.163,GBP
668,2022/06/07,Jane Bloggs,Trudoo,Bagel - Plain,5,185.078,GBP
669,2022/04/23,Jane Bloggs,Skipfire,Wine - Pinot Grigio Collavini,,498.707,GBP
670,2022/01/20,Jane Bloggs,Voolith,Beer - Mill St Organic,3,46.248,GBP
671,2022/06/16,,Skiba,,5,72.909,
672,2022/05/07,Jane Bloggs,Dynabox,"Beef - Bones, Marrow",2,411.827,GBP
673,2021/10/22,Jane Bloggs,Kazio,Raisin - Golden,5,430.729,GBP
674,2021/11/12,,Linkbuzz,,1,25.565,
675,2022/03/21,Jane Bloggs,Demimbu,Creme De Cacao Mcguines,,62.375,GBP
676,2022/06/24,Jane Bloggs,Twiyo,Ecolab - Hobart Washarm End Cap,,478.099,GBP
677,2022/07/16,Jane Bloggs,Podcat,"Olives - Black, Pitted",,124.857,GBP
678,2021/11/07,Jane Bloggs,Dynava,Yogurt - French Vanilla,,201.485,GBP
679,2021/09/29,Jane Bloggs,Livetube,Cranberries - Fresh,1,356.942,GBP
680,2021/09/02,Jane Bloggs,Trilith,Aspic - Amber,4,359.064,GBP
681,2022/01/30,Jane Bloggs,Thoughtstorm,Sprouts - Onion,5,263.389,GBP
682,2021/11/23,Jane Bloggs,Skinix,Cheese - Feta,1,144.857,GBP
683,2022/06/13,Jane Bloggs,Twiyo,Smoked Tongue,5,432.667,GBP
684,2022/05/06,Jane Bloggs,Kazio,"Sauce - Apple, Unsweetened",4,44.891,GBP
685,2021/12/02,Jane Bloggs,Jetwire,"Beef - Bones, Cut - Up",1,495.704,GBP
686,2021/11/08,Jane Bloggs,Gigashots,Ice Cream Bar - Hageen Daz To,1,462.367,GBP
687,2022/07/02,Jane Bloggs,Gabvine,Garlic,1,161.935,GBP
688,2022/05/30,Jane Bloggs,Muxo,Creme De Cacao White,,150.92,GBP
689,2021/10/03,Jane Bloggs,Snaptags,Contreau,4,299.614,GBP
690,2022/02/09,Jane Bloggs,Gigazoom,Oven Mitts 17 Inch,1,393.161,GBP
691,2022/07/03,Jane Bloggs,Photolist,"Bread - Rolls, Corn",5,229.743,GBP
692,2021/08/02,Jane Bloggs,Tazzy,Flavouring - Raspberry,4,144.76,GBP
693,2022/01/28,Jane Bloggs,Zoomcast,Cheese - Cheddar With Claret,5,158.407,GBP
694,2021/10/16,Jane Bloggs,Ntags,Tahini Paste,3,34.642,GBP
695,2021/07/29,Jane Bloggs,Zoovu,Orange - Tangerine,1,208.718,GBP
696,2022/02/26,Jane Bloggs,Voonder,Lamb - Rack,2,474.418,GBP
697,2021/08/28,Jane Bloggs,Vitz,Plastic Arrow Stir Stick,5,422.171,GBP
698,2021/11/12,Jane Bloggs,Blognation,Lettuce Romaine Chopped,4,414.631,GBP
699,2022/01/31,Jane Bloggs,Voomm,Juice - Happy Planet,5,257.785,GBP
700,2021/10/10,Jane Bloggs,Twiyo,Mustard - Individual Pkg,2,439.866,GBP
701,2022/03/26,Jane Bloggs,Edgepulse,Yukon Jack,5,132.08,GBP
702,2022/03/25,Jane Bloggs,Oyondu,V8 Splash Strawberry Banana,2,130.591,GBP
703,2022/07/24,Jane Bloggs,Flashpoint,Pepper - Pablano,5,404.538,GBP
704,,Jane Bloggs,Divanoodle,"Olives - Green, Pitted",1,50.312,GBP
705,2021/09/12,Jane Bloggs,Quire,"Nut - Pecan, Pieces",4,454.23,GBP
706,2022/06/18,Jane Bloggs,Rhybox,"Chilli Paste, Ginger Garlic",2,214.333,GBP
707,2022/03/24,Jane Bloggs,Cogibox,Cake - Pancake,5,4.344,GBP
708,2021/09/29,Jane Bloggs,Jabberstorm,Port - 74 Brights,4,,GBP
709,2021/08/17,Jane Bloggs,Meejo,"Brownies - Two Bite, Chocolate",4,14.971,GBP
710,2022/05/03,Jane Bloggs,Shuffledrive,Zucchini - Green,5,58.975,GBP
711,2022/04/23,Jane Bloggs,Shufflester,Cream - 35%,5,368.738,GBP
712,2021/11/23,Jane Bloggs,Voonix,Sausage - Breakfast,2,408.229,GBP
713,2021/08/04,Jane Bloggs,Jabbercube,Basil - Thai,1,20.148,GBP
714,2021/09/16,Jane Bloggs,Abatz,Wine - Rhine Riesling Wolf Blass,,413.186,GBP
715,2022/05/25,Jane Bloggs,Babbleopia,Rum - Mount Gay Eclipes,5,449.764,GBP
716,2022/07/27,Jane Bloggs,Podcat,"Wine - Red, Marechal Foch",2,471.233,GBP
717,2021/11/25,Jane Bloggs,Linklinks,Liquid Aminios Acid - Braggs,2,,GBP
718,2021/09/30,Jane Bloggs,Rhyzio,"Gingerale - Schweppes, 355 Ml",5,16.942,GBP
719,2021/10/24,Jane Bloggs,Blogpad,Ice Cream - Life Savers,2,143.737,GBP
720,2022/02/23,Jane Bloggs,Riffpath,Vanilla Beans,4,88.319,GBP
721,2022/06/24,Jane Bloggs,Zoombox,Icecream - Dibs,2,292.402,GBP
722,2021/11/20,Jane Bloggs,Shufflester,Table Cloth 144x90 White,1,407.106,GBP
723,2021/09/01,Jane Bloggs,Vinder,Table Cloth 62x114 White,5,494.394,GBP
724,2022/03/11,Jane Bloggs,Zoomlounge,Veal - Bones,1,53.223,GBP
725,2022/03/13,Jane Bloggs,Eamia,Water - Green Tea Refresher,1,167.765,GBP
726,2021/11/14,Jane Bloggs,Devcast,Wine - Champagne Brut Veuve,2,382.526,GBP
727,2021/08/15,,JumpXS,,1,445.595,
728,2022/03/12,Jane Bloggs,Oyoloo,Rappini - Andy Boy,5,263.526,GBP
729,2022/05/10,Jane Bloggs,Edgetag,Broom Handle,3,,GBP
730,2022/05/06,Jane Bloggs,Innojam,Squash - Butternut,4,247.509,GBP
731,2022/01/31,Jane Bloggs,Blogtag,Calypso - Pineapple Passion,4,,GBP
732,2021/12/02,Jane Bloggs,Yambee,Kiwi,3,72.113,GBP
733,2022/04/02,Jane Bloggs,Rhynyx,Poppy Seed,1,103.406,GBP
734,2021/11/02,Jane Bloggs,Blognation,"Cheese - Cheddar, Old White",,120.171,GBP
735,2022/04/29,Jane Bloggs,Npath,Clams - Canned,3,483.16,GBP
736,2021/09/18,Jane Bloggs,Blogtag,Drambuie,5,209.643,GBP
737,2021/09/22,Jane Bloggs,Cogibox,"Pork - Tenderloin, Fresh",3,453.879,GBP
738,2022/05/22,Jane Bloggs,Myworks,Bread - Pita,1,265.236,GBP
739,2022/05/20,Jane Bloggs,Youfeed,Pomello,5,361.538,GBP
740,2022/05/05,Jane Bloggs,Photobean,Mix - Cocktail Ice Cream,,81.596,GBP
741,2022/02/17,Jane Bloggs,JumpXS,Wine - German Riesling,1,192.778,GBP
742,2022/07/28,Jane Bloggs,Trilith,Jerusalem Artichoke,3,221.82,GBP
743,2022/05/19,Jane Bloggs,Tanoodle,Turnip - White,2,173.665,GBP
744,2021/12/07,Jane Bloggs,Youspan,Soup - Campbells Chili,1,59.852,GBP
745,2022/05/13,Jane Bloggs,Mymm,Breadfruit,3,194.624,GBP
746,2021/11/27,,Dabshots,,4,161.066,
747,2022/03/14,Jane Bloggs,Aibox,The Pop Shoppe - Cream Soda,3,473.176,GBP
748,2022/06/28,Jane Bloggs,Twinder,Bread - Bistro White,2,130.281,GBP
749,2022/03/29,Jane Bloggs,Photolist,Wine - Blue Nun Qualitatswein,5,171.856,GBP
750,2021/08/10,,Bubblebox,,3,156.126,
751,2022/01/22,Jane Bloggs,Oloo,Cassis,5,131.196,GBP
752,2022/06/22,,Jetwire,,2,356.918,
753,2022/04/14,Jane Bloggs,Skajo,Milk - Chocolate 250 Ml,4,181.315,GBP
754,2022/07/18,Jane Bloggs,Photobug,"Gingerale - Schweppes, 355 Ml",3,63.213,GBP
755,2022/01/08,Jane Bloggs,Mynte,Bread - Hot Dog Buns,3,308.649,GBP
756,2022/06/20,Jane Bloggs,Agivu,Butcher Twine 4r,1,339.839,GBP
757,2022/01/31,Jane Bloggs,Jayo,Nantucket - Carrot Orange,,334.042,GBP
758,2022/01/31,Jane Bloggs,Tagfeed,Vector Energy Bar,1,190.47,GBP
759,2021/11/12,Jane Bloggs,Feedfish,Raisin - Dark,2,81.98,GBP
760,2022/05/24,Jane Bloggs,Jabberstorm,Foil - 4oz Custard Cup,4,479.955,GBP
761,2022/03/06,Jane Bloggs,Podcat,"Clams - Littleneck, Whole",2,460.113,GBP
762,2021/12/15,,Avamba,,3,240.631,
763,2022/05/07,Jane Bloggs,Twinte,Chocolate - Milk Coating,1,405.381,GBP
764,2022/07/09,Jane Bloggs,Mita,Bananas,5,409.287,GBP
765,2022/04/29,Jane Bloggs,Realbridge,Parsley - Dried,3,134.798,GBP
766,2021/08/13,Jane Bloggs,Browsezoom,Lotus Leaves,1,451.166,GBP
767,2021/10/30,Jane Bloggs,Vipe,Shrimp - Prawn,3,242.941,GBP
768,2022/07/06,Jane Bloggs,Photolist,Cheese - St. Paulin,2,414.667,GBP
769,2022/07/02,Jane Bloggs,Kanoodle,Soup Bowl Clear 8oz92008,1,44.692,GBP
770,2022/05/04,Jane Bloggs,Voonte,"Bread - White, Sliced",1,,GBP
771,2022/05/09,Jane Bloggs,Ntag,Foil - Round Foil,4,,GBP
772,2021/11/29,Jane Bloggs,Wikido,Tomatoes - Orange,3,198.312,GBP
773,2021/11/18,Jane Bloggs,Ntag,Beer - Moosehead,5,75.367,GBP
774,2022/05/26,Jane Bloggs,Devpulse,Cup - Paper 10oz 92959,2,437.044,GBP
775,2022/06/17,Jane Bloggs,Aibox,Amarula Cream,1,296.619,GBP
776,2022/05/26,Jane Bloggs,Voonder,Steampan - Foil,5,,GBP
777,2022/01/23,Jane Bloggs,Bubblemix,Shark - Loin,1,167.746,GBP
778,2021/11/21,,Youtags,,4,,
779,2022/05/22,Jane Bloggs,Quimba,"Lid - Translucent, 3.5 And 6 Oz",2,235.331,GBP
780,2022/01/05,Jane Bloggs,Brainverse,Wine - Chardonnay Mondavi,1,,GBP
781,2022/05/25,Jane Bloggs,Blognation,Turnip - White,2,129.055,GBP
782,2021/12/08,Jane Bloggs,Meedoo,Cloves - Ground,5,22.097,GBP
783,2021/09/30,Jane Bloggs,Tagchat,Cheese - Taleggio D.o.p.,1,334.2,GBP
784,2022/05/02,Jane Bloggs,Babblestorm,Pear - Asian,5,246.302,GBP
785,2021/09/10,Jane Bloggs,Kazu,"Yogurt - Strawberry, 175 Gr",4,324.65,GBP
786,2022/03/15,,Babbleset,,3,275.091,
787,2022/06/04,Jane Bloggs,Npath,Ice Cream - Vanilla,,471.072,GBP
788,2022/04/05,Jane Bloggs,Feedmix,Wine - Riesling Dr. Pauly,1,331.276,GBP
789,2022/03/14,Jane Bloggs,Realcube,"Pasta - Penne Primavera, Single",4,473.616,GBP
790,2021/09/07,Jane Bloggs,Meembee,Banana - Green,2,113.388,GBP
791,2021/08/10,,Trupe,,1,378.192,
792,2022/05/18,Jane Bloggs,Eazzy,"Beef - Ox Tongue, Pickled",1,218.361,GBP
793,2022/06/27,Jane Bloggs,Quire,"Marjoram - Dried, Rubbed",5,223.05,GBP
794,2021/08/08,,Feedfish,,5,131.597,
795,2022/07/13,Jane Bloggs,Oyoloo,Wine - Barbera Alba Doc 2001,3,28.854,GBP
796,2021/08/01,Jane Bloggs,Yakidoo,Green Tea Refresher,2,174.029,GBP
797,2021/11/01,Jane Bloggs,Zooxo,Pork - Smoked Back Bacon,1,456.428,GBP
798,2022/04/04,Jane Bloggs,Zava,"Pepper - Paprika, Hungarian",5,398.736,GBP
799,2021/12/08,Jane Bloggs,Flashspan,Lamb - Rack,5,395.349,GBP
800,2021/09/15,Jane Bloggs,Babbleopia,Veal - Provimi Inside,4,151.98,GBP
801,2021/08/13,Jane Bloggs,Centidel,Dry Ice,,132.976,GBP
802,2022/07/18,Jane Bloggs,Gabtune,Kirsch - Schloss,3,487.476,GBP
803,,Jane Bloggs,Dabvine,Cheese Cloth No 60,2,346.676,GBP
804,2022/04/24,Jane Bloggs,Kimia,Cheese - Brick With Onion,,142.722,GBP
805,2022/01/03,,Brainverse,,3,459.047,
806,2022/01/25,Jane Bloggs,Quinu,Tomatillo,2,396.833,GBP
807,2022/06/17,Jane Bloggs,Quinu,Skirt - 29 Foot,3,131.376,GBP
808,2022/04/11,Jane Bloggs,Yozio,Pie Shells 10,1,91.419,GBP
809,2022/06/26,Jane Bloggs,Reallinks,Squash - Butternut,2,286.018,GBP
810,2022/06/06,,Divanoodle,,1,352.593,
811,2022/06/14,Jane Bloggs,Pixope,Carbonated Water - Orange,4,357.879,GBP
812,2022/07/13,Jane Bloggs,Voonte,"Wine - Red, Cabernet Sauvignon",2,379.11,GBP
813,2022/04/30,,Realcube,,,376.702,
814,2021/09/22,,Riffpedia,,,421.69,
815,2021/09/23,,Gigaclub,,3,263.844,
816,2021/08/04,Jane Bloggs,Fatz,Cake - Pancake,1,266.334,GBP
817,2022/01/22,Jane Bloggs,Aivee,Cheese - Brick With Onion,,236.491,GBP
818,2021/12/15,Jane Bloggs,Feedmix,Lamb Rack - Ontario,1,194.918,GBP
819,2021/12/29,Jane Bloggs,Linklinks,Chips - Potato Jalapeno,1,428.223,GBP
820,2022/06/26,Jane Bloggs,Voonix,Ketchup - Tomato,2,253.505,GBP
821,2022/05/11,Jane Bloggs,Agivu,Eggs - Extra Large,2,464.251,GBP
822,2022/05/19,Jane Bloggs,Rhynoodle,Sunflower Seed Raw,,303.417,GBP
823,2021/10/31,Jane Bloggs,Oyondu,Pork - Side Ribs,5,421.707,GBP
824,2022/07/15,Jane Bloggs,Centimia,"Beans - Navy, Dry",,299.43,GBP
825,2021/11/11,Jane Bloggs,Wordify,Chocolate - Mi - Amere Semi,2,382.472,GBP
826,2022/03/19,Jane Bloggs,Jamia,Calypso - Black Cherry Lemonade,4,457.717,GBP
827,2022/06/21,Jane Bloggs,Brainsphere,Tomatoes - Orange,2,162.249,GBP
828,2022/02/23,Jane Bloggs,Dabtype,"Wine - Red, Harrow Estates, Cab",2,173.934,GBP
829,2022/06/22,Jane Bloggs,Viva,Everfresh Products,2,176.251,GBP
830,2022/04/16,Jane Bloggs,Mybuzz,"Soup - Knorr, Classic Can. Chili",5,239.24,GBP
831,,Jane Bloggs,Wordware,Wine - Chablis 2003 Champs,3,460.808,GBP
832,2022/07/13,Jane Bloggs,Janyx,Wine - Taylors Reserve,5,188.977,GBP
833,2022/07/11,,Jaxworks,,,204.734,
834,2022/07/19,Jane Bloggs,Wordpedia,Tea - Lemon Green Tea,,190.73,GBP
835,2022/07/21,Jane Bloggs,Dynava,Sloe Gin - Mcguinness,2,145.94,GBP
836,2022/05/01,Jane Bloggs,Dabjam,Foie Gras,2,372.623,GBP
837,2022/02/10,Jane Bloggs,Rooxo,Cheese - Wine,3,339.606,GBP
838,2021/10/06,Jane Bloggs,Linkbridge,Bread - Ciabatta Buns,4,486.798,GBP
839,2022/07/27,Jane Bloggs,Twitternation,Schnappes Peppermint - Walker,5,81.171,GBP
840,2022/01/14,Jane Bloggs,Wikizz,Muffin - Carrot Individual Wrap,2,458.252,GBP
841,2021/10/04,Jane Bloggs,Rhyzio,Soup - Verve - Chipotle Chicken,4,65.919,GBP
842,2021/08/16,Jane Bloggs,Vitz,Pork - Caul Fat,1,98.368,GBP
843,2022/04/23,,Zooxo,,3,314.728,
844,2021/08/06,Jane Bloggs,Zoonoodle,Container - Foam Dixie 12 Oz,2,68.983,GBP
845,,Jane Bloggs,Voonyx,"Soup - Campbells, Spinach Crm",2,,GBP
846,2022/06/16,Jane Bloggs,Jaxbean,Puree - Mango,1,207.903,GBP
847,2022/01/21,Jane Bloggs,Jetwire,Fuji Apples,2,103.554,GBP
848,2021/10/07,Jane Bloggs,Flipbug,Beef - Tenderloin - Aa,1,244.491,GBP
849,2022/04/01,Jane Bloggs,Dynava,"Wine - Magnotta, Merlot Sr Vqa",5,318.246,GBP
850,2021/11/26,Jane Bloggs,Jetpulse,Soup - Campbellschix Stew,3,24.576,GBP
851,2021/11/24,Jane Bloggs,Camimbo,Sauce - Cranberry,5,490.967,GBP
852,2021/09/21,Jane Bloggs,Quaxo,Wine - Vovray Sec Domaine Huet,2,344.721,GBP
853,2021/11/27,Jane Bloggs,Talane,Salmon - Sockeye Raw,3,7.987,GBP
854,2021/10/16,Jane Bloggs,Jayo,"Nut - Pecan, Pieces",5,440.757,GBP
855,2022/02/21,Jane Bloggs,Oba,Bread - Rosemary Focaccia,1,267.295,GBP
856,2022/03/17,Jane Bloggs,Flipopia,Icecream Cone - Areo Chocolate,3,174.301,GBP
857,2021/12/15,Jane Bloggs,Blogtags,Relish,,95.331,GBP
858,2022/02/15,Jane Bloggs,Rooxo,"Carrots - Mini, Stem On",2,6.78,GBP
859,2022/02/19,Jane Bloggs,Browsedrive,Zucchini - Yellow,,238.373,GBP
860,2022/04/12,Jane Bloggs,Topicstorm,Yukon Jack,2,310.768,GBP
861,2021/12/12,Jane Bloggs,Feedfire,Langers - Ruby Red Grapfruit,5,206.857,GBP
862,2022/04/08,Jane Bloggs,Kwideo,Extract - Lemon,4,466.597,GBP
863,2022/03/06,Jane Bloggs,Ainyx,Isomalt,3,188.679,GBP
864,2022/01/18,Jane Bloggs,Edgewire,"Yogurt - Strawberry, 175 Gr",,21.216,GBP
865,2022/01/10,Jane Bloggs,Jamia,Long Island Ice Tea,2,162.736,GBP
866,2022/01/30,Jane Bloggs,Demizz,Pie Pecan,2,396.231,GBP
867,2021/10/08,Jane Bloggs,Jabberbean,Dried Peach,5,270.883,GBP
868,2022/05/27,Jane Bloggs,Browsebug,"Chocolate - Semi Sweet, Calets",5,191.001,GBP
869,2022/04/06,Jane Bloggs,Bluezoom,Plasticforkblack,4,372.145,GBP
870,2022/01/30,Jane Bloggs,Janyx,Wooden Mop Handle,1,396.116,GBP
871,2021/12/17,Jane Bloggs,Riffwire,Tobasco Sauce,1,,GBP
872,2021/07/31,Jane Bloggs,Cogilith,Milk - Chocolate 500ml,2,368.157,GBP
873,2021/10/26,Jane Bloggs,Photobug,The Pop Shoppe - Root Beer,5,227.356,GBP
874,2021/11/07,Jane Bloggs,Quimm,"Tuna - Canned, Flaked, Light",4,325.879,GBP
875,2022/03/23,Jane Bloggs,Yata,Versatainer Nc - 9388,5,358.228,GBP
876,2022/07/24,Jane Bloggs,Rhynyx,Chickhen - Chicken Phyllo,1,104.917,GBP
877,2022/01/27,Jane Bloggs,Yamia,"Lamb - Leg, Bone In",4,447.199,GBP
878,2021/10/12,,Skidoo,,3,146.292,
879,2022/01/23,Jane Bloggs,Fiveclub,"Brownies - Two Bite, Chocolate",3,209.865,GBP
880,2021/10/29,Jane Bloggs,Gabtune,"Schnappes - Peach, Walkers",2,58.366,GBP
881,2022/05/03,Jane Bloggs,Kwinu,"Juice - Grape, White",5,45.27,GBP
882,2022/03/01,Jane Bloggs,Jabberstorm,"7up Diet, 355 Ml",2,197.884,GBP
883,2021/09/17,Jane Bloggs,Demivee,Seaweed Green Sheets,4,104.736,GBP
884,2021/09/24,Jane Bloggs,Rhyzio,Beef - Flank Steak,5,340.661,GBP
885,2021/11/18,Jane Bloggs,Realcube,Lemon Tarts,5,405.103,GBP
886,2022/07/23,Jane Bloggs,Blogtags,Creamers - 10%,4,233.859,GBP
887,2021/12/21,Jane Bloggs,Oodoo,Lamb - Bones,4,440.066,GBP
888,2022/02/05,Jane Bloggs,Rhyloo,Pecan Raisin - Tarts,1,200.115,GBP
889,2021/08/16,Jane Bloggs,Yamia,"Potatoes - Purple, Organic",2,310.773,GBP
890,2022/05/14,Jane Bloggs,Skinder,Potatoes - Pei 10 Oz,1,,GBP
891,2022/01/01,Jane Bloggs,Wikido,"Chestnuts - Whole,canned",1,179.863,GBP
892,2021/09/23,Jane Bloggs,Kwinu,Tomatoes - Orange,1,54.622,GBP
893,2022/02/15,,Skimia,,3,271.397,
894,2021/10/02,Jane Bloggs,Browsezoom,"Shrimp - 16/20, Peeled Deviened",1,219.884,GBP
895,2022/04/28,Jane Bloggs,Browsedrive,Clams - Bay,4,363.827,GBP
896,2022/03/27,Jane Bloggs,Fivespan,Chips - Miss Vickies,4,71.94,GBP
897,2021/12/25,Jane Bloggs,Lajo,Juice - Propel Sport,1,352.01,GBP
898,2022/06/05,Jane Bloggs,Tagfeed,Beans - French,3,61.199,GBP
899,2021/11/11,Jane Bloggs,Zoombeat,Wine - Winzer Krems Gruner,5,444.668,GBP
900,2021/11/21,Jane Bloggs,Demivee,Dc Hikiage Hira Huba,5,203.294,GBP
901,2021/12/03,Jane Bloggs,Oodoo,Dill Weed - Dry,1,188.95,GBP
902,2022/07/07,Jane Bloggs,Feedfish,Cinnamon Buns Sticky,3,313.684,GBP
903,2022/06/20,Jane Bloggs,Katz,Wine - Kwv Chenin Blanc South,5,400.247,GBP
904,2022/01/07,Jane Bloggs,Thoughtstorm,Chocolate - White,1,309.609,GBP
905,2022/04/28,Jane Bloggs,Vitz,Vaccum Bag - 14x20,1,13.478,GBP
906,2021/07/29,Jane Bloggs,Mydeo,"Wine - White, Colubia Cresh",5,170.008,GBP
907,,Jane Bloggs,Dynazzy,Wine - Casillero Deldiablo,2,109.055,GBP
908,2022/04/15,Jane Bloggs,Vipe,Tequila - Sauza Silver,3,243.706,GBP
909,2021/12/09,Jane Bloggs,Yoveo,Milk - Homo,1,437.629,GBP
910,2022/01/26,Jane Bloggs,Tavu,"Crab - Dungeness, Whole",4,51.386,GBP
911,2022/05/09,Jane Bloggs,Kimia,Ham - Procutinni,,258.72,GBP
912,2022/02/18,Jane Bloggs,Browsetype,Radish - Pickled,3,185.476,GBP
913,2021/10/25,Jane Bloggs,Gabspot,Breakfast Quesadillas,3,5.747,GBP
914,2021/11/23,Jane Bloggs,Plajo,Steamers White,5,407.621,GBP
915,2021/12/20,Jane Bloggs,Skyndu,Steamers White,1,55.895,GBP
916,2021/09/01,,Photospace,,5,223.87,
917,2022/03/08,Jane Bloggs,Wordpedia,Cheese - Goat,2,6.52,GBP
918,2021/09/28,,Twiyo,,2,66.678,
919,2022/02/21,Jane Bloggs,Zoonoodle,Soup - Campbells Beef Noodle,1,401.128,GBP
920,2022/05/17,Jane Bloggs,Muxo,Cognac - Courvaisier,2,375.177,GBP
921,2022/07/06,Jane Bloggs,Jabbertype,Halibut - Steaks,3,475.931,GBP
922,2021/09/15,Jane Bloggs,Brainlounge,Lamb - Rack,2,319.015,GBP
923,2021/12/04,Jane Bloggs,Twitterworks,Paper - Brown Paper Mini Cups,4,467.617,GBP
924,2022/07/06,Jane Bloggs,Zazio,Tea - Earl Grey,,,GBP
925,2021/10/30,Jane Bloggs,Babblestorm,Veal - Inside,1,30.874,GBP
926,2022/07/16,Jane Bloggs,Skimia,Beef - Tenderloin Tails,3,66.733,GBP
927,2021/11/11,Jane Bloggs,Meeveo,Veal - Insides Provini,1,140.983,GBP
928,2022/04/14,Jane Bloggs,Abatz,Chicken Breast Halal,3,120.198,GBP
929,2022/06/28,Jane Bloggs,Skidoo,Flavouring Vanilla Artificial,1,78.725,GBP
930,2022/06/10,,Thoughtblab,,4,275.395,
931,2022/03/26,Jane Bloggs,Feedmix,Lid - 16 Oz And 32 Oz,5,176.112,GBP
932,2021/11/05,Jane Bloggs,Meejo,Wine - Cotes Du Rhone Parallele,1,401.882,GBP
933,2021/11/23,Jane Bloggs,Devpoint,Pop - Club Soda Can,5,201.192,GBP
934,2022/03/02,Jane Bloggs,Katz,"Pasta - Lasagne, Fresh",3,301.922,GBP
935,2021/09/03,Jane Bloggs,Livepath,Mint - Fresh,2,279.891,GBP
936,2021/10/26,Jane Bloggs,Riffpath,Wine - Chenin Blanc K.w.v.,2,279.943,GBP
937,2022/04/10,,Ailane,,4,125.552,
938,2021/12/07,Jane Bloggs,Meezzy,Beef - Tenderloin,1,374.584,GBP
939,2021/11/19,Jane Bloggs,Voonix,Rice - Aborio,5,259.135,GBP
940,2022/04/30,Jane Bloggs,Oyoloo,Brandy Apricot,2,274.159,GBP
941,2022/05/14,Jane Bloggs,Pixonyx,Wine - Casillero Deldiablo,4,86.712,GBP
942,2021/11/16,Jane Bloggs,Gigabox,Oil - Shortening - All - Purpose,3,293.206,GBP
943,2021/12/04,,Fivespan,,2,176.959,
944,2021/11/15,Jane Bloggs,Babbleopia,Chevril,3,194.372,GBP
945,2021/08/17,Jane Bloggs,Trudeo,Cassis,3,258.067,GBP
946,2021/08/01,Jane Bloggs,Meembee,Bread - Malt,1,216.808,GBP
947,2022/01/25,Jane Bloggs,Quimba,"Vodka - Hot, Lnferno",5,369.3,GBP
948,2022/03/07,Jane Bloggs,Divanoodle,Carbonated Water - Strawberry,4,355.911,GBP
949,2021/10/02,Jane Bloggs,Eare,"Wine - White, Cooking",4,494.16,GBP
950,2021/11/05,Jane Bloggs,Nlounge,"Soup - Campbells, Lentil",1,241.0,GBP
951,2021/12/09,Jane Bloggs,Camido,Soup - Base Broth Beef,3,373.219,GBP
952,2021/09/03,Jane Bloggs,Photobean,"Soup - Knorr, Classic Can. Chili",1,125.936,GBP
953,2022/06/28,Jane Bloggs,Topiclounge,"Shrimp - 21/25, Peel And Deviened",1,267.302,GBP
954,2022/01/10,Jane Bloggs,Jabbertype,Melon - Cantaloupe,4,86.277,GBP
955,2022/03/21,,Eazzy,,5,74.365,
956,2022/02/26,,Yata,,4,146.636,
957,2021/10/21,Jane Bloggs,Wordware,Mushrooms - Honey,5,335.646,GBP
958,2021/08/20,Jane Bloggs,Muxo,"Juice - Cranberry, 341 Ml",4,76.323,GBP
959,2022/06/16,Jane Bloggs,Agimba,Muffin - Banana Nut Individual,3,79.035,GBP
960,2021/11/02,Jane Bloggs,Oloo,Wine - Zinfandel Rosenblum,3,303.849,GBP
961,2022/05/17,Jane Bloggs,Thoughtbeat,Wine - Prosecco Valdobiaddene,4,256.944,GBP
962,2021/12/11,Jane Bloggs,Jaxnation,Ecolab - Solid Fusion,2,340.585,GBP
963,2021/12/25,Jane Bloggs,Voomm,Bacardi Breezer - Strawberry,3,61.359,GBP
964,2021/08/26,Jane Bloggs,Gigazoom,Juice - V8 Splash,,,GBP
965,2021/12/01,Jane Bloggs,Divavu,Container - Hngd Cll Blk 7x7x3,4,243.872,GBP
966,2022/04/17,Jane Bloggs,Trudoo,Wine - Riesling Alsace Ac 2001,1,295.857,GBP
967,2022/02/23,Jane Bloggs,Buzzdog,Beef Wellington,5,431.378,GBP
968,2022/06/02,Jane Bloggs,Trudeo,Oven Mitts 17 Inch,5,,GBP
969,2022/06/08,Jane Bloggs,Dabfeed,Wanton Wrap,1,133.454,GBP
970,2022/04/20,Jane Bloggs,Shuffledrive,Coriander - Ground,,293.846,GBP
971,2022/05/02,Jane Bloggs,Jaxspan,Kellogs Cereal In A Cup,4,2.428,GBP
972,2022/06/04,Jane Bloggs,Trilia,"Sauce - White, Mix",1,232.662,GBP
973,2021/08/04,Jane Bloggs,Brainsphere,Gatorade - Xfactor Berry,1,306.285,GBP
974,2022/01/03,Jane Bloggs,Centizu,Dried Peach,2,194.201,GBP
975,2022/05/14,Jane Bloggs,BlogXS,Browning Caramel Glace,4,110.729,GBP
976,2022/03/09,Jane Bloggs,Lazzy,Bread - Calabrese Baguette,1,147.854,GBP
977,2022/06/25,Jane Bloggs,Jabberbean,Spring Roll Wrappers,2,333.401,GBP
978,2021/08/04,,Wordpedia,,1,429.776,
979,2022/03/25,Jane Bloggs,Aimbo,Beer - Upper Canada Lager,5,378.606,GBP
980,2021/08/12,,Dabfeed,,4,132.645,
981,2021/11/23,Jane Bloggs,Divavu,"Wine - Magnotta, White",2,371.547,GBP
982,2022/05/18,Jane Bloggs,Meezzy,Tomatoes - Heirloom,1,84.841,GBP
983,,,Buzzster,,2,224.165,
984,2021/12/01,Jane Bloggs,Feedfish,"Lamb - Racks, Frenched",2,346.816,GBP
985,2022/05/18,,Jabbertype,,4,323.001,
986,2022/02/28,Jane Bloggs,Dabfeed,Napkin - Beverage 1 Ply,1,487.077,GBP
987,2021/09/21,Jane Bloggs,Feedbug,"Wine - White, Colubia Cresh",1,6.899,GBP
988,,,Kanoodle,,5,189.884,
989,2021/11/17,Jane Bloggs,Dabvine,Duck - Breast,,37.22,GBP
990,2022/06/12,Jane Bloggs,Gabvine,"Hickory Smoke, Liquid",3,57.803,GBP
991,2021/10/16,Jane Bloggs,Skaboo,Veal - Nuckle,4,150.14,GBP
992,2021/10/18,Jane Bloggs,Photobug,Silicone Parch. 16.3x24.3,,497.564,GBP
993,2022/04/28,Jane Bloggs,Oyoyo,Nut - Pumpkin Seeds,1,333.058,GBP
994,2021/12/23,Jane Bloggs,Wikizz,Potatoes - Parissienne,,389.482,GBP
995,2022/02/25,,Jaxnation,,3,81.603,
996,2021/11/13,Jane Bloggs,Youopia,Creme De Cacao Mcguines,4,475.113,GBP
997,2022/01/11,Jane Bloggs,Skidoo,Cheese - Blue,5,230.236,GBP
998,2022/03/13,Jane Bloggs,Flashpoint,Bouillion - Fish,1,312.541,GBP
999,2021/10/15,Jane Bloggs,Feedbug,"Soda Water - Club Soda, 355 Ml",5,461.564,GBP
1000,2022/04/13,Jane Bloggs,Vitz,Beef - Striploin Aa,5,444.567,GBP
